"marque","produit","pays_marche","format","classement","macro_categorie","base_reelle","actifs_principaux","dose_portion","cafeine_portion","prix_observe_2026_08_01","disponibilite_france","affiliation_ou_contact","source_officielle","statut_verification","notes","date_derniere_verification","statut_commercial_actuel","etat_source_officielle","experience_boisson","origine_cafe","nombre_portions","poids_conditionnement","cafeine_mg_min","cafeine_mg_max","niveau_cafeine","champignons_standardises","nombre_champignons","partie_champignon","methode_extraction_infusion","proteines_g","collagene_g","creatine_g","mct_g","sucres_edulcorants","allergenes_regime","preparation","prix_par_portion_observe","transparence_dosage","preuve_laboratoire","promesse_principale","priorite_seo","risque_editorial","source_secondaire","changements_2026_08_01","date_premiere_observation","type_changement","date_changement","resume_changement","selection_nouveaute"
"Torrégral","Torrégral","France","café torréfié","Café intrinsèquement fonctionnel","1 — 100 % café","café et composants issus du fruit du café","fibres et composés naturellement issus du fruit du café","12 g par tasse","environ 120 à 140 mg dans la dose sèche; extraction variable","15 € le sachet","oui","écosystème partenaire","https://torregral.com/","B","Portion et origine documentées. Valeurs calculées à partir d'analyses de la matière première; analyse du produit fini encore nécessaire.","2026-08-25","page officielle observée; vente à reconfirmer","fiche technique et rapports de laboratoire examinés","café à préparer (goût café)","Costa Rica","non publié","non publié","120","140","classique","non applicable","0","non applicable","non applicable","non publié","non publié","non publié","non publié","sans sucres ni édulcorants ajoutés déclarés","profil d'un café classique; aucun allergène alimentaire majeur inhérent déclaré","filtre, cafetière ou espresso selon mouture","non calculable sans poids net publié","partielle","CITA SAQ-1178-2017 sur la matière première; calcul par portion de 12 g; produit fini non analysé","fonctionnalité intrinsèque issue du fruit du café","P1 — fiche prioritaire France","faible à moyen","analyse Agrisanam AGS-018-2020","portion, origine et calculs documentés le 25 août 2026","","","","","non"
"Café Minceur","Café Minceur","France","café moulu","Café intrinsèquement fonctionnel","1 — 100 % café","café et composants issus du fruit du café","fonctionnalité issue du fruit du café","10 g; 70 g pour 7 tasses","non publié","environ 1,43 €/tasse","oui","écosystème partenaire","https://cafeminceur.fr/","B","Données fabricant à consolider par fiche technique.","2026-08-01","page officielle observée; vente à reconfirmer","accès automatisé limité; contrôle manuel recommandé","café à préparer (goût café)","non publiée","7","non publié","à confirmer","à confirmer","non documenté","non applicable","0","non applicable","non applicable","non publié","non publié","non publié","non publié","non publié","allergènes/régime non publiés","filtre, cafetière ou espresso selon mouture","1.43 € / portion","partielle","non publiée","fonctionnalité issue du fruit du café","P1 — fiche prioritaire France","moyen","non publiée","aucun changement majeur identifié lors de la revérification","","","","","non"
"Café Intégral","Café Intégral 100 %","France","poudre de fruit de café","Produit à base de cerise de café","3 — Pas vraiment du café, mais quand même","cerise de café entière","composants de la cerise","non publié","non publié","18,50 € / 50 g","oui","écosystème partenaire","https://cafeintegral.fr/","B","Ce n'est pas un café torréfié classique; classer hors comparateur principal de goût café.","2026-08-01","page officielle observée; vente à reconfirmer","page protégée par contrôle anti-robot","alternative au café / latte","non publiée","non publié","non publié","à confirmer","à confirmer","non documenté","non applicable","0","non applicable","non applicable","non publié","non publié","non publié","non publié","non publié","allergènes/régime non publiés","diluer dans de l'eau ou du lait; température selon fabricant","non calculable avec les données publiques","faible","non publiée","alternative au café","P2 — à compléter avant fiche longue","moyen","non publiée","aucun changement majeur identifié lors de la revérification","","","","","non"
"Bonjour","Super Café","France","poudre instantanée","Alternative multi-actifs","3 — Pas vraiment du café, mais quand même","base alternative goût café","champignons adaptogènes et nootropiques","6 g; 2 700 mg d'extraits annoncés; 30 portions","35 mg","abonnement 22,93 à 31,20 € le sachet (0,76 à 1,04 €/tasse); achat ponctuel 44,80 € le sachet (1,49 €/tasse)","oui","Awin annonceur 122146","https://bonjourdrink.co/","A","Formule phare française; vérifier régulièrement le détail des extraits.","2026-08-01","actif — page officielle observée","source officielle accessible et revérifiée","alternative au café / latte","non publiée","30","180 g","35","35","faible (≤ 50 mg)","mélange non détaillé","à confirmer","non publiée","non publiée","non publié","non publié","non publié","non publié","sans sucre ni édulcorant annoncé","vegan; sans gluten; sans lactose annoncés","diluer dans de l'eau ou du lait; température selon fabricant","0,76–1,49 € / portion","partielle","non publiée","alternative au café","P2 — comparatif secondaire","faible à moyen","non publiée","Prix et paliers d'abonnement revérifiés; 2 700 mg d'extraits et 30 portions confirmés.","","","","","non"
"Wake","Wake Original","France","poudre instantanée","Café collagène et champignons","2 — Cafés artificiellement enrichis","orge torréfiée et café Arabica","collagène marin; champignons saisonniers; vitamines et minéraux","9 g; 30 portions","5 mg","environ 1 € par tasse annoncé","oui","contact direct","https://getyourwake.com/pages/page-produit-2","A","Formule saisonnière: les ingrédients et leurs quantités changent. Comparer la saison vendue, pas une ancienne fiche.","2026-09-08","actif — stock et expédition observés","nouveau domaine et fiche actuelle accessibles","café instantané","non publiée","30","270 g","5","5","faible (≤ 50 mg)","variable selon saison; extraits de corps fructifères annoncés","variable selon saison","corps fructifère annoncé","triple extrait; concentration annoncée 18:1","non publié","3.33 g","non publié","non publié","non publié","allergènes/régime non publiés","diluer dans de l'eau ou du lait; température selon fabricant","environ 1 € / portion","élevée pour la formule saisonnière publiée","non publiée","beauté / collagène","P1 — fiche prioritaire France","moyen","non publiée","Nouveau domaine officiel; portion, caféine et formules saisonnières revérifiées.","","source déplacée et formule précisée","2026-09-08","La fiche actuelle confirme 270 g, 30 doses de 9 g, 5 mg de caféine et une formule qui change chaque saison.","oui"
"Brainstoorm / Mush n Go","Brainstoorm Coffee","France","poudre instantanée","Café aux champignons et plantes","2 — Cafés artificiellement enrichis","café instantané","mélange de champignons et plantes","8 g; 3 000 mg de champignons; 30 portions","20 mg","29,90 € en abonnement; 42,71 € en achat unique pour 30 portions","oui","GoAffPro","https://mushngo.com/products/brainstoorm-coffee","A","La page détaille les neuf actifs et confirme l’usage de corps fructifères. Les promesses d’effet restent celles de la marque.","2026-09-08","actif — page produit et prix observés","ancien domaine remplacé par mushngo.com","café instantané","non publiée","30","240 g","20","20","faible (≤ 50 mg)","Lion's Mane; Chaga; Cordyceps, 1 000 mg chacun","3","corps fructifère annoncé","extraits; ratio jusqu’à 20:1 annoncé","non publié","non publié","non publié","non publié","xylitol; sans sucre traditionnel annoncé","allergènes/régime non publiés","diluer dans de l'eau ou du lait; température selon fabricant","0,78–1,42 € / portion selon quantité et achat","élevée","non publiée","bien-être fonctionnel / champignons","P1 — fiche prioritaire France","moyen","non publiée","Domaine, conditionnement, actifs et prix revérifiés.","","source déplacée et prix actualisé","2026-09-08","Brainstoorm est désormais vendu sur mushngo.com; le sachet contient 240 g et la page détaille neuf actifs.","non"
"French Mush","BOOST Café","France","poudre instantanée","Café aux champignons","2 — Cafés artificiellement enrichis","café instantané","extraits de champignons fonctionnels","5 g; 800 mg d'extraits","49 mg","environ 0,88 à 1,50 €/tasse","oui","Awin annonceur 122312","https://frenchmush.com/","A","Marque française; formule à surveiller lors des changements de gamme.","2026-08-01","actif — page officielle observée","accès automatisé limité; contrôle manuel recommandé","café instantané","non publiée","non publié","non publié","49","49","faible (≤ 50 mg)","mélange non détaillé","à confirmer","non publiée","non publiée","non publié","non publié","non publié","non publié","non publié","allergènes/régime non publiés","diluer dans de l'eau ou du lait; température selon fabricant","0.88–1.50 € / portion","partielle","non publiée","bien-être fonctionnel / champignons","P1 — fiche prioritaire France","faible à moyen","non publiée","aucun changement majeur identifié lors de la revérification","","","","","non"
"Café des Guerriers","Le Café Parfait","France","poudre instantanée","Café aux champignons","2 — Cafés artificiellement enrichis","café instantané","champignons adaptogènes","5 g; 1 500 mg d'actifs listés","48 à 60 mg selon pages","environ 0,97 à 1,30 €/tasse","oui","contact direct","https://cafedesguerriers.fr/","B","Écart de caféine entre contenus officiels.","2026-08-01","page officielle observée; vente à reconfirmer","source officielle accessible et revérifiée","café instantané","non publiée","non publié","non publié","48","60","modérée (51–100 mg)","mélange non détaillé","à confirmer","non publiée","non publiée","non publié","non publié","non publié","non publié","non publié","allergènes/régime non publiés","diluer dans de l'eau ou du lait; température selon fabricant","0.97–1.30 € / portion","partielle","non publiée","bien-être fonctionnel / champignons","P1 — fiche prioritaire France","moyen","non publiée","aucun changement majeur identifié lors de la revérification","","","","","non"
"Strate","Café adaptogène","France","poudre instantanée","Café aux champignons","2 — Cafés artificiellement enrichis","café instantané","Lion's Mane; Chaga; Reishi; Cordyceps; Shiitake; King Trumpet","6 g; 2 200 mg de champignons par tasse","48 mg","environ 1,10 à 1,63 €/tasse","oui","contact direct","https://stratecafe.com/products/cafe-champignons","A","Nouvelle adresse officielle vérifiée; six extraits de corps fructifères; formule conçue en France.","2026-08-01","actif — page officielle observée","source officielle accessible et revérifiée","café instantané","non publiée","30","non publié","48","48","faible (≤ 50 mg)","Lion's Mane; Chaga; Reishi; Cordyceps; Shiitake; King Trumpet","6","corps fructifère annoncé","extraits; méthode non détaillée","non publié","non publié","non publié","non publié","non publié","allergènes/régime non publiés","diluer dans de l'eau ou du lait; température selon fabricant","1.10–1.63 € / portion","partielle","non publiée","bien-être fonctionnel / champignons","P1 — fiche prioritaire France","faible à moyen","non publiée","Ancien domaine strate.co remplacé par stratecafe.com; formule et caféine revérifiées.","","","","","non"
"Cosmic Blend","Cosmic Blend Coffee","France","poudre instantanée","Café collagène multi-actifs","2 — Cafés artificiellement enrichis","café instantané","collagène; champignons; nootropiques","non publié","30 mg","environ 1,66 €/tasse","oui","programme ambassadeur","https://cosmicblend.fr/","C","Le produit reste mentionné par des sources secondaires récentes, mais aucune page officielle actuelle n’a été retrouvée sur le domaine indiqué.","2026-09-08","non confirmé — domaine sans produit identifiable","domaine accessible mais réaffecté à un service sans café","café instantané","non publiée","non publié","non publié","30","30","faible (≤ 50 mg)","mélange non détaillé","à confirmer","non publiée","non publiée","non publié","non publié","non publié","non publié","non publié","allergènes/régime non publiés","diluer dans de l'eau ou du lait; température selon fabricant","1.66 € / portion","faible","non publiée","beauté / collagène","P3 — veille / ne pas recommander encore","élevé","non publiée","Absence du produit confirmée sur le domaine officiel indiqué.","","produit retiré ou source officielle perdue","2026-09-08","Le domaine indiqué n’affiche plus de café ni de fiche produit identifiable.","non"
"Cafit","Café Protéiné","France","poudre instantanée","Café protéiné","2 — Cafés artificiellement enrichis","café et protéines laitières","whey/protéines","12 à 18 g; 10 g protéines pour 18 g","80 mg pour 18 g","environ 1,33 €/tasse","oui","contact direct","https://cafitdrink.com/","A","Usage café protéiné; la portion peut varier.","2026-08-01","actif — page officielle observée","source officielle accessible et revérifiée","café instantané","non publiée","non publié","non publié","80","80","modérée (51–100 mg)","non applicable","0","non applicable","non applicable","10 g","non publié","non publié","non publié","non publié","contient lait","diluer dans de l'eau ou du lait; température selon fabricant","1.33 € / portion","élevée","non publiée","nutrition / apport protéique","P1 — fiche prioritaire France","faible à moyen","non publiée","aucun changement majeur identifié lors de la revérification","","","","","non"
"Magic Lab","Magic Coffee","France","poudre instantanée","Alternative aux champignons sans caféine","3 — Pas vraiment du café, mais quand même","alternative goût café; café absent ou non déclaré","Lion's Mane; Reishi; Chaga; Cordyceps; fibres prébiotiques","5 g; 2 000 mg d'extraits; 30 portions","0 mg","moins de 1 €/tasse annoncé; prix total non visible","oui","contacter info@drinkmagiclab.com","https://www.drinkmagiclab.com/products/magic-coffee-cafe-complement-aux-champignons-adaptognes","A","Substitut et non café; page officielle contient des allégations santé à traiter avec prudence éditoriale.","2026-08-01","actif — page officielle observée","source officielle accessible et revérifiée","alternative au café / latte","non publiée","30","non publié","0","0","sans caféine","Lion's Mane; Chaga; Reishi; Cordyceps","4","non publiée","non publiée","non publié","non publié","non publié","non publié","non publié","allergènes/régime non publiés","diluer dans de l'eau ou du lait; température selon fabricant","1 € / portion","élevée","non publiée","bien-être fonctionnel / champignons","P1 — fiche prioritaire France","faible à moyen","non publiée","aucun changement majeur identifié lors de la revérification","","","","","non"
"Mousse","Mousse Café Adaptogène","France","poudre instantanée","Café aux plantes et nootropiques","2 — Cafés artificiellement enrichis","100 % Arabica annoncé","Bacopa; Maca; Ashwagandha; L-théanine 200 mg; L-tyrosine 1 000 mg","30 portions; 2 450 mg de 'champignons' annoncé; autre page 3 100 mg d'actifs","35 à 48 mg selon les pages officielles","environ 27 à 36 € pour 30 portions selon l’offre observée","oui","programme public non identifié","https://moussecafe.fr/","B","Les pages officielles affichent 35 mg ou 48 mg de caféine. La formule liste Lion’s Mane, maca, ashwagandha, bacopa, L-théanine et L-tyrosine; le mot champignon est parfois employé à tort pour des plantes.","2026-09-08","actif — pages produit indexées; accès direct instable","pages officielles accessibles par les moteurs mais chiffres contradictoires","café instantané","non publiée","30","non publié","35","48","faible (≤ 50 mg)","non applicable","0","non applicable","non applicable","non publié","non publié","non publié","non publié","non publié","allergènes/régime non publiés","diluer dans de l'eau ou du lait; température selon fabricant","environ 0,90–1,20 € / portion","élevée","non publiée","focus / cognition","P2 — à compléter avant fiche longue","élevé","non publiée","Fourchette de caféine et prix actualisés; contradiction maintenue publiquement.","","données contradictoires observées","2026-09-08","Deux pages officielles affichent encore 35 mg ou 48 mg de caféine par tasse.","non"
"Popeli","Super-Café Protéiné","France","poudre instantanée","Café protéiné","2 — Cafés artificiellement enrichis","100 % Arabica et whey concentrée","whey; huile MCT; arômes","17,7 g; 20 portions; 10 g protéines","non publié","24,95 à 29,95 € observés selon page/variante","oui","programme public non identifié","https://popeli.co/","B","Prix et variante à horodater au moment de publication.","2026-08-01","page officielle observée; vente à reconfirmer","source officielle accessible et revérifiée","café instantané","non publiée","20","non publié","à confirmer","à confirmer","non documenté","non applicable","0","non applicable","non applicable","10 g","non publié","non publié","non publié","non publié","contient lait","diluer dans de l'eau ou du lait; température selon fabricant","non calculable avec les données publiques","élevée","non publiée","nutrition / apport protéique","P1 — fiche prioritaire France","moyen","non publiée","aucun changement majeur identifié lors de la revérification","","","","","non"
"KAWA","KAWA Café Protéiné","France","poudre instantanée","Café protéiné multi-actifs","2 — Cafés artificiellement enrichis","café; source protéique non détaillée dans l'extrait","15 g protéines; L-théanine; MCT; prébiotiques","30 portions","90 mg","39 € / 30; 60 € / 60; 86 € / 90","oui","programme public non identifié","https://kawadrinks.com/","B","Composition complète et origine de la protéine à obtenir.","2026-08-01","page officielle observée; vente à reconfirmer","source officielle accessible et revérifiée","café instantané","non publiée","30","non publié","90","90","modérée (51–100 mg)","non applicable","0","non applicable","non applicable","15 g","non publié","non publié","non publié","non publié","allergènes/régime non publiés","diluer dans de l'eau ou du lait; température selon fabricant","non calculable avec les données publiques","partielle","non publiée","nutrition / apport protéique","P1 — fiche prioritaire France","moyen","non publiée","aucun changement majeur identifié lors de la revérification","","","","","non"
"Foocus","Start","France","poudre instantanée","Café aux champignons","2 — Cafés artificiellement enrichis","café Arabica soluble","Lion's Mane; Chaga; Cordyceps; formule antérieure à 7 champignons","environ 4,7 g visibles; 2 200 mg champignons; 2 500 mg café","environ 80 mg","39 € / 30 portions en offre découverte","oui","programme public non identifié","https://drinkfoocus.fr/products/cafe-foocus","B","Pages officielles décrivent deux compositions différentes, probablement changement de formule.","2026-08-01","page officielle observée; vente à reconfirmer","source officielle accessible et revérifiée","café instantané","non publiée","30","non publié","80","80","modérée (51–100 mg)","Lion's Mane; Chaga; Cordyceps","3","non publiée","non publiée","non publié","non publié","non publié","non publié","non publié","allergènes/régime non publiés","diluer dans de l'eau ou du lait; température selon fabricant","1.30 € / portion","élevée","non publiée","bien-être fonctionnel / champignons","P1 — fiche prioritaire France","moyen","non publiée","aucun changement majeur identifié lors de la revérification","","","","","non"
"Fraté Maté","Magic Powder Café","France","poudre instantanée","Hybride café-maté multi-actifs","2 — Cafés artificiellement enrichis","café et maté","7 champignons; Ashwagandha; Maca; stévia","4 g annoncé; paquet/portions incohérents selon variantes","115 mg","39,99 € / 30 portions affichées","oui","programme public non identifié","https://www.fratemateclub.com/products/poudre-cafe","B","La page mentionne 150 g et des variantes 30/60/90 portions; contrôler le poids livré.","2026-08-01","page officielle observée; vente à reconfirmer","accès automatisé limité; contrôle manuel recommandé","café instantané","non publiée","30","non publié","115","115","élevée (> 100 mg)","mélange non détaillé","à confirmer","non publiée","non publiée","non publié","non publié","non publié","non publié","stévia","allergènes/régime non publiés","diluer dans de l'eau ou du lait; température selon fabricant","1.33 € / portion","partielle","non publiée","énergie / usage quotidien","P2 — à compléter avant fiche longue","moyen","non publiée","aucun changement majeur identifié lors de la revérification","","","","","non"
"Proffee","Café instantané protéiné","France","poudre instantanée","Café protéiné","2 — Cafés artificiellement enrichis","Arabica et Robusta instantanés","concentré de whey; arôme noisette","16 g; 10 g protéines","90,5 mg","36,90 € / 30; 64,90 € / 60; 95,90 € / 90","oui","programme public non identifié","https://www.proffee.fr/products/cafe-instantane-proteine-gene","A","Composition simple; plusieurs allégations marketing doivent être reformulées avec prudence.","2026-08-01","actif — page officielle observée","source officielle accessible et revérifiée","café instantané","non publiée","non publié","non publié","90.5","90.5","modérée (51–100 mg)","non applicable","0","non applicable","non applicable","10 g","non publié","non publié","non publié","non publié","contient lait","diluer dans de l'eau ou du lait; température selon fabricant","non calculable avec les données publiques","partielle","non publiée","nutrition / apport protéique","P1 — fiche prioritaire France","faible à moyen","non publiée","aucun changement majeur identifié lors de la revérification","","","","","non"
"Lion Spirit / Cafés Bibal","Focus – Crinière de Lion","France","café torréfié, format à préciser","Café aux champignons","2 — Cafés artificiellement enrichis","100 % Arabica Guatemala","extrait de Lion's Mane double extraction + ultrasons","non publié","non publié","4,90 € observé; poids non visible","oui","contacter Cafés Bibal","https://www.lionspirit.fr/","B","Produit de torréfacteur français lancé en 2025; format et dosage à confirmer.","2026-08-01","page officielle observée; vente à reconfirmer","source officielle accessible et revérifiée","café à préparer (goût café)","Guatemala","non publié","non publié","à confirmer","à confirmer","non documenté","Lion's Mane","1","non publiée","double extraction annoncée","non publié","non publié","non publié","non publié","non publié","allergènes/régime non publiés","filtre, cafetière ou espresso selon mouture","non calculable avec les données publiques","faible","non publiée","bien-être fonctionnel / champignons","P1 — fiche prioritaire France","moyen à élevé","non publiée","aucun changement majeur identifié lors de la revérification","","","","","non"
"Naturecan","Protein Coffee","Royaume-Uni / Europe","poudre instantanée","Café protéiné","2 — Cafés artificiellement enrichis","café instantané et whey","whey concentrée; café; arômes selon variante","30 g; 21 g protéines","80 mg","prix non extrait","oui, boutique France","programme d'affiliation Naturecan à rechercher","https://www.naturecan.fr/products/cafe-proteine","A","Trois saveurs; composition varie légèrement.","2026-08-01","actif — page officielle observée","source officielle accessible et revérifiée","café instantané","non publiée","non publié","non publié","80","80","modérée (51–100 mg)","non applicable","0","non applicable","non applicable","21 g","non publié","non publié","non publié","non publié","contient lait","diluer dans de l'eau ou du lait; température selon fabricant","non calculable avec les données publiques","partielle","non publiée","nutrition / apport protéique","P1 — fiche prioritaire France","faible à moyen","non publiée","aucun changement majeur identifié lors de la revérification","","","","","non"
"Corial","Collagen Coffee Original","Europe","poudre instantanée","Café collagène","2 — Cafés artificiellement enrichis","café instantané et collagène","collagène hydrolysé; vitamine C","10 g; 8,5 g collagène; environ 15 portions","68 mg","14,99 $ / environ 15 portions","oui, France disponible dans le sélecteur pays","https://corialfoods.com/en-eu/pages/parcerias-1","https://corialfoods.com/en-us/products/collagen-coffee-original","A","Le total d'ingrédients arrondi doit être contrôlé sur l'étiquette.","2026-08-01","actif — page officielle observée","source officielle accessible et revérifiée","café instantané","non publiée","15","non publié","68","68","modérée (51–100 mg)","non applicable","0","non applicable","non applicable","non publié","8,5 g","non publié","non publié","non publié","allergènes/régime non publiés","diluer dans de l'eau ou du lait; température selon fabricant","1,00 $ / portion","élevée","non publiée","beauté / collagène","P1 — fiche prioritaire France","faible à moyen","non publiée","Prix officiel et présence de la France dans le sélecteur revérifiés.","","","","","non"
"Clearly","Mushroom Coffee","Pays-Bas","poudre instantanée lyophilisée","Café aux champignons et plantes","2 — Cafés artificiellement enrichis","Arabica colombien single origin","Lion's Mane; Cordyceps; Chaga; Reishi; Maitake; L-théanine; Maca; Rhodiola","171 g; 30 portions","environ 45 mg; version décaféinée aussi","30 € ponctuel; 25,50 € abonnement","oui, expédition 2–4 jours annoncée","programme public non identifié","https://clearly.nl/en/products/mushroom-coffee","A","Formule café et décaféinée; dosages individuels non visibles.","2026-08-01","actif — page officielle observée","source officielle accessible et revérifiée","café instantané","Colombie","30","non publié","45","45","faible (≤ 50 mg)","Lion's Mane; Chaga; Reishi; Cordyceps; Maitake","5","non publiée","non publiée","non publié","non publié","non publié","non publié","non publié","allergènes/régime non publiés","diluer dans de l'eau ou du lait; température selon fabricant","non calculable avec les données publiques","partielle","non publiée","bien-être fonctionnel / champignons","P1 — fiche prioritaire France","faible à moyen","non publiée","aucun changement majeur identifié lors de la revérification","","","","","non"
"Cokare","Focus Ground Coffee","Espagne / Pays-Bas","café moulu","Café aux champignons","2 — Cafés artificiellement enrichis","Arabica bio d'Amérique centrale","Lion's Mane; Reishi; Agaricus","250 g; 500 mg mélange pour 3 c. à soupe","non publié","prix non visible; produit en rupture","à confirmer","contacter orders@cokare.co","https://cokare.co/focus-ground-coffee","A","Vrai café moulu; disponibilité actuelle incertaine.","2026-08-01","rupture ou disponibilité incertaine","source officielle accessible et revérifiée","café à préparer (goût café)","Amérique centrale","non publié","non publié","à confirmer","à confirmer","non documenté","Lion's Mane; Reishi; Agaricus","3","non publiée","non publiée","non publié","non publié","non publié","non publié","non publié","allergènes/régime non publiés","filtre, cafetière ou espresso selon mouture","non calculable avec les données publiques","partielle","non publiée","bien-être fonctionnel / champignons","P2 — comparatif secondaire","faible à moyen","non publiée","aucun changement majeur identifié lors de la revérification","","","","","non"
"Earthshake","Functional Coffee","Pays-Bas","poudre instantanée","Café aux champignons et plantes","2 — Cafés artificiellement enrichis","74 % Arabica instantané","17 % extraits Lion's Mane et Chaga; cacao; acérola; guayusa; sel","180 g; 30 grandes ou 60 petites; grande: 500 mg + 500 mg champignons","59 mg grande; 29,5 mg petite","32 €","oui, expédition UE annoncée","contacter info@earthshake.co","https://www.earthshake.co/products/readybrew","A","La page affirme aussi 'sans caféine' à certains endroits malgré les valeurs 29,5/59 mg: incohérence éditoriale.","2026-08-01","actif — page officielle observée","source officielle accessible et revérifiée","café instantané","non publiée","non publié","non publié","29.5","59","modérée (51–100 mg)","Lion's Mane; Chaga","2","non publiée","extrait; méthode non détaillée","non publié","non publié","non publié","non publié","non publié","allergènes/régime non publiés","diluer dans de l'eau ou du lait; température selon fabricant","non calculable avec les données publiques","élevée","non publiée","bien-être fonctionnel / champignons","P1 — fiche prioritaire France","faible à moyen","non publiée","aucun changement majeur identifié lors de la revérification","","","","","non"
"smaints","Mushroom Coffee","Allemagne","poudre instantanée décaféinée","Café décaféiné multi-actifs","2 — Cafés artificiellement enrichis","50 % extrait Arabica Fairtrade décaféiné Swiss Water","Cordyceps 250 mg; Lion's Mane 250 mg; Camellia 300 mg; choline; tyrosine; citicoline; taurine; vitamines","150 g; au moins 30 portions","0 mg annoncé","49,99 €; offres dégressives","à confirmer","programme public non identifié","https://smaints.de/en/products/mushroom-coffee","A","Formule très chargée mais dosages partiels publiés.","2026-08-01","actif — page officielle observée","source officielle accessible et revérifiée","café instantané","non publiée","30","non publié","0","0","sans caféine","Lion's Mane; Cordyceps","2","non publiée","non publiée","non publié","non publié","non publié","non publié","non publié","allergènes/régime non publiés","diluer dans de l'eau ou du lait; température selon fabricant","non calculable avec les données publiques","partielle","non publiée","énergie / usage quotidien","P2 — comparatif secondaire","faible à moyen","non publiée","aucun changement majeur identifié lors de la revérification","","","","","non"
"Vitaritual","Mushroom Coffee","Allemagne","poudre instantanée","Café aux champignons, plantes et vitamines","2 — Cafés artificiellement enrichis","poudre de café","Chaga 500 mg; Cordyceps 500 mg; Lion's Mane 500 mg; Reishi 250 mg; Maca 400 mg; Ashwagandha 100 mg; glycine; B5; biotine","8 g; 3 500 mg d'extraits de champignons annoncés","non publié","39,99 €; lots dégressifs","à confirmer","programme public non identifié","https://vitaritual.de/products/pilzkaffee","B","Les doses visibles ne totalisent pas 3 500 mg; caféine et nombre de portions non publiés.","2026-08-01","page officielle observée; vente à reconfirmer","source officielle accessible et revérifiée","café instantané","non publiée","non publié","non publié","à confirmer","à confirmer","non documenté","Lion's Mane; Chaga; Reishi; Cordyceps","4","non publiée","non publiée","non publié","non publié","non publié","non publié","non publié","allergènes/régime non publiés","diluer dans de l'eau ou du lait; température selon fabricant","non calculable avec les données publiques","partielle","non publiée","bien-être fonctionnel / champignons","P2 — à compléter avant fiche longue","moyen à élevé","non publiée","aucun changement majeur identifié lors de la revérification","","","","","non"
"Mushee","Super Adaptogener Kaffee","Allemagne","poudre instantanée","Café aux champignons","2 — Cafés artificiellement enrichis","Arabica et Robusta instantanés","Lion's Mane; Reishi; Chaga; Cordyceps; lait de coco","150 g; 30 portions; 2 250 mg de champignons","50 mg","prix non extrait","à confirmer","programme public non identifié","https://drinkmushee.de/products/adaptogener-pilzkaffee","A","Composition principale transparente.","2026-08-01","actif — page officielle observée","source officielle accessible et revérifiée","café instantané","non publiée","30","non publié","50","50","faible (≤ 50 mg)","Lion's Mane; Chaga; Reishi; Cordyceps","4","non publiée","non publiée","non publié","non publié","non publié","non publié","non publié","contient lait","diluer dans de l'eau ou du lait; température selon fabricant","non calculable avec les données publiques","élevée","non publiée","bien-être fonctionnel / champignons","P2 — comparatif secondaire","faible à moyen","non publiée","aucun changement majeur identifié lors de la revérification","","","","","non"
"Sam's Superfoods","6 in 1 Paddenstoelen Koffie","Pays-Bas","poudre instantanée","Café aux champignons avec MCT","2 — Cafés artificiellement enrichis","16 % café en poudre environ","Cordyceps; Lion's Mane; Reishi; Turkey Tail; Chaga; Maitake; coco; MCT","6 g; 1 980 mg mélange champignons; 960 mg café","non publié","19,95 € / 180 g","à confirmer","programme public non identifié","https://samsuperfoods.nl/products/6-in-1-paddenstoelen-koffie","A","Le sac représente 30 portions de 6 g.","2026-08-01","actif — page officielle observée","accès automatisé limité; contrôle manuel recommandé","café instantané","non publiée","non publié","non publié","à confirmer","à confirmer","non documenté","Lion's Mane; Chaga; Reishi; Cordyceps; Turkey Tail; Maitake","6","non publiée","non publiée","non publié","non publié","non publié","non publié","non publié","allergènes/régime non publiés","diluer dans de l'eau ou du lait; température selon fabricant","non calculable avec les données publiques","élevée","non publiée","bien-être fonctionnel / champignons","P2 — comparatif secondaire","faible à moyen","non publiée","aucun changement majeur identifié lors de la revérification","","","","","non"
"AdapCoffee / Happy Detox Tea","Clarity Cup","Allemagne","poudre instantanée","Hybride café-chicorée aux champignons","3 — Pas vraiment du café, mais quand même","Arabica; cacao cru; chicorée; fibre d'acacia","Lion's Mane 30:1; Reishi 14:1; Maitake 10:1","4 g; 200 g pour 50 tasses","non publié","24,99 € / 50; 44,99 € / 100; 64,99 € / 150","oui, livraison mondiale annoncée","programme public non identifié","https://happydetoxtea.de/products/clarity-cup-mushroom-coffee-blend","A","Quantités individuelles non publiées.","2026-08-01","actif — page officielle observée","source officielle accessible et revérifiée","alternative au café / latte","non publiée","50","non publié","à confirmer","à confirmer","non documenté","Lion's Mane; Reishi; Maitake","3","non publiée","non publiée","non publié","non publié","non publié","non publié","non publié","allergènes/régime non publiés","diluer dans de l'eau ou du lait; température selon fabricant","non calculable avec les données publiques","partielle","non publiée","bien-être fonctionnel / champignons","P1 — fiche prioritaire France","faible à moyen","non publiée","aucun changement majeur identifié lors de la revérification","","","","","non"
"Mindabolics","Mushroom Mojo","Allemagne","poudre instantanée","Alternative cacao/green coffee multi-adaptogènes","3 — Pas vraiment du café, mais quand même","cacao ou café vert selon version de page","Lion's Mane; Cordyceps; Chaga; Turkey Tail; Maca; Ashwagandha; Rhodiola","8 g; jusqu'à 1 000 mg de quatre champignons selon une page","25 mg ou 120 mg selon pages/versions","49,90 € / 60 portions; autres offres","à confirmer","programme public non identifié","https://mindabolics.de/en/products/mushroom-mojo-en","B","Importante incohérence entre pages officielles: formule, poids, température de préparation et caféine.","2026-08-01","page officielle observée; vente à reconfirmer","source officielle accessible et revérifiée","alternative au café / latte","non publiée","60","non publié","25","120","élevée (> 100 mg)","Lion's Mane; Chaga; Cordyceps; Turkey Tail","4","non publiée","non publiée","non publié","non publié","non publié","non publié","non publié","allergènes/régime non publiés","diluer dans de l'eau ou du lait; température selon fabricant","0.83 € / portion","partielle","non publiée","alternative au café","P2 — à compléter avant fiche longue","moyen","non publiée","aucun changement majeur identifié lors de la revérification","","","","","non"
"London Nootropics","Flow","Royaume-Uni","sachets instantanés","Café aux champignons et plantes","2 — Cafés artificiellement enrichis","café soluble","Lion's Mane Hifas da Terra 250 mg; Rhodiola RhodioLife 83 mg","sachet individuel","80 à 110 mg selon gamme","15 £ / 12; 60 £ / 60; 200 £ / 240","à confirmer","programme public non identifié","https://londonnootropics.com/collections/adaptogenic-coffee","A","Fabriqué au Royaume-Uni; tests tiers annoncés.","2026-08-01","actif — page officielle observée","source officielle accessible et revérifiée","café instantané","non publiée","non publié","non publié","80","110","élevée (> 100 mg)","Lion's Mane","1","non publiée","non publiée","non publié","non publié","non publié","non publié","non publié","allergènes/régime non publiés","diluer dans de l'eau ou du lait; température selon fabricant","non calculable avec les données publiques","faible","non publiée","bien-être fonctionnel / champignons","P2 — comparatif secondaire","faible à moyen","non publiée","aucun changement majeur identifié lors de la revérification","","","","","non"
"London Nootropics","Zen","Royaume-Uni","sachets instantanés","Café aux plantes/nootropiques","2 — Cafés artificiellement enrichis","café soluble avec 6 % café torréfié moulu","L-théanine 153 mg; KSM-66 Ashwagandha 110 mg","sachet individuel","80 à 110 mg selon gamme","15 £ / 12; 60 £ / 60; 200 £ / 240","à confirmer","programme public non identifié","https://londonnootropics.com/collections/adaptogenic-coffee","A","Formule calme/focus distincte.","2026-08-01","actif — page officielle observée","source officielle accessible et revérifiée","café instantané","non publiée","non publié","non publié","80","110","élevée (> 100 mg)","non applicable","0","non applicable","non applicable","non publié","non publié","non publié","non publié","non publié","allergènes/régime non publiés","diluer dans de l'eau ou du lait; température selon fabricant","non calculable avec les données publiques","faible","non publiée","focus / cognition","P2 — comparatif secondaire","faible à moyen","non publiée","aucun changement majeur identifié lors de la revérification","","","","","non"
"London Nootropics","Mojo","Royaume-Uni","sachets instantanés","Café aux champignons et plantes","2 — Cafés artificiellement enrichis","café soluble","Cordyceps Hifas da Terra 305 mg; ginseng sibérien 102 mg","sachet individuel","80 à 110 mg selon gamme","15 £ / 12; 60 £ / 60; 200 £ / 240","à confirmer","programme public non identifié","https://londonnootropics.com/collections/adaptogenic-coffee","A","Formule énergie distincte.","2026-08-01","actif — page officielle observée","source officielle accessible et revérifiée","café instantané","non publiée","non publié","non publié","80","110","élevée (> 100 mg)","Cordyceps","1","non publiée","non publiée","non publié","non publié","non publié","non publié","non publié","allergènes/régime non publiés","diluer dans de l'eau ou du lait; température selon fabricant","non calculable avec les données publiques","faible","non publiée","bien-être fonctionnel / champignons","P2 — comparatif secondaire","faible à moyen","non publiée","aucun changement majeur identifié lors de la revérification","","","","","non"
"London Nootropics","Mush Love","Royaume-Uni","sachets instantanés","Café aux champignons","2 — Cafés artificiellement enrichis","café soluble","Lion's Mane 160 mg; Cordyceps 160 mg; Chaga 160 mg","sachet individuel","80 à 110 mg selon gamme","15 £ / 12; 60 £ / 60; 200 £ / 240","à confirmer","programme public non identifié","https://londonnootropics.com/collections/adaptogenic-coffee","A","Formule multi-champignons distincte.","2026-08-01","actif — page officielle observée","source officielle accessible et revérifiée","café instantané","non publiée","non publié","non publié","80","110","élevée (> 100 mg)","Lion's Mane; Chaga; Cordyceps","3","non publiée","non publiée","non publié","non publié","non publié","non publié","non publié","allergènes/régime non publiés","diluer dans de l'eau ou du lait; température selon fabricant","non calculable avec les données publiques","faible","non publiée","bien-être fonctionnel / champignons","P2 — comparatif secondaire","faible à moyen","non publiée","aucun changement majeur identifié lors de la revérification","","","","","non"
"DIRTEA","Mushroom Coffee","Royaume-Uni","poudre instantanée","Café aux champignons et vitamines","2 — Cafés artificiellement enrichis","100 % Arabica","Lion's Mane 1 000 mg; vitamines B","150 g; 60 portions","50 mg","38 £ ponctuel; 31 £ abonnement","à confirmer","programme public non identifié","https://www.dirteaworld.com/products/mushroom-coffee-super-blend","A","Une des formules UK les mieux documentées.","2026-08-01","actif — page officielle observée","source officielle accessible et revérifiée","café instantané","non publiée","60","non publié","50","50","faible (≤ 50 mg)","Lion's Mane","1","non publiée","non publiée","non publié","non publié","non publié","non publié","non publié","allergènes/régime non publiés","diluer dans de l'eau ou du lait; température selon fabricant","non calculable avec les données publiques","partielle","non publiée","bien-être fonctionnel / champignons","P2 — comparatif secondaire","faible à moyen","non publiée","aucun changement majeur identifié lors de la revérification","","","","","non"
"GoMush","Organic Mushroom Coffee Pods with Chaga","Royaume-Uni","capsules compatibles Nespresso","Café aux champignons en capsule","2 — Cafés artificiellement enrichis","Arabica Fairtrade torréfié","Chaga bio annoncé","10 capsules","non publié","13,99 £; actuellement épuisé","à confirmer","programme public non identifié","https://gomush.co.uk/","B","La même page affiche 'Lion's Mane extract 5 g' dans les données nutritionnelles: erreur ou page mélangée.","2026-08-01","rupture ou disponibilité incertaine","source officielle accessible et revérifiée","café en capsule","non publiée","non publié","non publié","à confirmer","à confirmer","non documenté","Lion's Mane; Chaga","2","non publiée","non publiée","non publié","non publié","non publié","non publié","non publié","allergènes/régime non publiés","machine compatible avec la capsule","non calculable avec les données publiques","faible","non publiée","bien-être fonctionnel / champignons","P2 — à compléter avant fiche longue","moyen","non publiée","aucun changement majeur identifié lors de la revérification","","","","","non"
"Ancient + Brave","Coffee + Collagen","Royaume-Uni","café moulu très fin","Café collagène et plantes","2 — Cafés artificiellement enrichis","café bio Santos brésilien","collagène bovin; Ashwagandha; cacao; chicorée; baobab","10 g; 2 g collagène; 200 mg Ashwagandha; environ 25 portions","non publié","24 £ ponctuel; 19,20 £ abonnement","à confirmer","programme public non identifié","https://ancientandbrave.earth/products/coffee-collagen","A","Nécessite cafetière; ce n'est pas une poudre instantanée.","2026-08-01","actif — page officielle observée","source officielle accessible et revérifiée","café à préparer (goût café)","Brésil","25","non publié","à confirmer","à confirmer","non documenté","non applicable","0","non applicable","non applicable","non publié","2 g","non publié","non publié","non publié","non végétalien (bovin)","filtre, cafetière ou espresso selon mouture","non calculable avec les données publiques","élevée","non publiée","beauté / collagène","P2 — comparatif secondaire","faible à moyen","non publiée","aucun changement majeur identifié lors de la revérification","","","","","non"
"Collafé","Collagen Coffee Madagascan Vanilla","Royaume-Uni","poudre instantanée","Café collagène","2 — Cafés artificiellement enrichis","café Arabica instantané","collagène marin; collagène bovin; UC-II; MCT; crème de coco","22 g; 30 portions; 7 g collagène marin; 3 g collagène bovin; 40 mg UC-II","environ 90 mg","54,99 £ / 30 portions","à confirmer","programme public non identifié","https://collafe.com/","A","Préparer avec une eau à 60–70 °C selon la marque; contient poisson et collagène bovin.","2026-08-01","actif — page officielle observée","source officielle accessible et revérifiée","café instantané","non publiée","30","non publié","90","90","modérée (51–100 mg)","non applicable","0","non applicable","non applicable","non publié","10 g + 40 mg UC-II","non publié","non publié","non publié","contient poisson; non végétalien (bovin)","diluer dans une eau à 60–70 °C","1,83 £ / portion","élevée","non publiée","beauté / collagène","P2 — comparatif secondaire","faible à moyen","non publiée","Formule, portion, prix et conseil de préparation revérifiés.","","","","","non"
"OstroVit","Protein Coffee","Pologne","poudre instantanée","Café protéiné","2 — Cafés artificiellement enrichis","Robusta naturel et whey","whey concentrée + isolate; café; caféine ajoutée; édulcorants","360 g; portion non extraite","non publié","7,40 € observé","oui via boutique européenne","programme public non identifié","https://ostrovit.com/en/products/ostrovit-protein-coffee-360-g-26688.html","B","Caféine totale et nombre de portions à extraire de l'étiquette.","2026-08-01","page officielle observée; vente à reconfirmer","source officielle accessible et revérifiée","café instantané","non publiée","non publié","non publié","à confirmer","à confirmer","non documenté","non applicable","0","non applicable","non applicable","non publié","non publié","non publié","non publié","non publié","contient lait","diluer dans de l'eau ou du lait; température selon fabricant","non calculable avec les données publiques","partielle","non publiée","nutrition / apport protéique","P1 — fiche prioritaire France","moyen","non publiée","aucun changement majeur identifié lors de la revérification","","","","","non"
"Purasana","Mushroom Coffee","Belgique / Europe","sachets instantanés","Café aux champignons","2 — Cafés artificiellement enrichis","à confirmer","champignons fonctionnels à confirmer","6 sachets de 3 g selon fiche produit","non publié","prix non extrait","oui via revendeurs européens","programme public non identifié","https://purasana.com/","C","Produit découvert dans une fiche technique officielle de distributeur; page produit directe à retrouver.","2026-08-01","page officielle observée; vente à reconfirmer","source officielle partielle ou produit non finalisé","café instantané","non publiée","6","3 g","à confirmer","à confirmer","non documenté","mélange non détaillé","à confirmer","non publiée","non publiée","non publié","non publié","non publié","non publié","non publié","allergènes/régime non publiés","diluer dans de l'eau ou du lait; température selon fabricant","non calculable avec les données publiques","partielle","document technique officiel disponible","bien-être fonctionnel / champignons","P3 — veille / ne pas recommander encore","moyen à élevé","non publiée","aucun changement majeur identifié lors de la revérification","","","","","non"
"KŎVR","Mushroom Latte","Europe","poudre instantanée","Café aux champignons","2 — Cafés artificiellement enrichis","base café annoncée","Lion's Mane 300 mg; Chaga 300 mg","portion non publiée","non publié","prix non extrait","à confirmer","programme public non identifié","https://kovrcoffee.com/","B","Marque récente; informations complémentaires à extraire.","2026-08-01","page officielle observée; vente à reconfirmer","source officielle accessible et revérifiée","café instantané","non publiée","non publié","non publié","à confirmer","à confirmer","non documenté","Lion's Mane; Chaga","2","non publiée","non publiée","non publié","non publié","non publié","non publié","non publié","allergènes/régime non publiés","diluer dans de l'eau ou du lait; température selon fabricant","non calculable avec les données publiques","faible","non publiée","bien-être fonctionnel / champignons","P2 — à compléter avant fiche longue","moyen","non publiée","aucun changement majeur identifié lors de la revérification","","","","","non"
"Four Sigmatic","Focus Organic Coffee Latte / Think Coffee","États-Unis / international","instantané et café moulu","Café aux champignons","2 — Cafés artificiellement enrichis","Arabica bio","Lion's Mane; Chaga; selon formule autres superaliments","instant: 300 mg Lion's Mane + 200 mg Chaga sur latte original","50 mg instant; 105–125 mg cold brew moulu","prix non extrait","oui via certains revendeurs; livraison directe à confirmer","programme d'affiliation à rechercher","https://us.foursigmatic.com/products/focus-organic-coffee-latte-original","A","Marque pionnière; gamme et formules multiples.","2026-08-01","actif — page officielle observée","source officielle accessible et revérifiée","café à préparer (goût café)","non publiée","non publié","non publié","50","125","élevée (> 100 mg)","Lion's Mane; Chaga","2","non publiée","non publiée","non publié","non publié","non publié","non publié","non publié","allergènes/régime non publiés","filtre, cafetière ou espresso selon mouture","non calculable avec les données publiques","partielle","non publiée","bien-être fonctionnel / champignons","P1 — fiche prioritaire France","faible à moyen","non publiée","aucun changement majeur identifié lors de la revérification","","","","","non"
"RYZE","Mushroom Coffee","États-Unis","poudre instantanée","Café aux champignons et prébiotiques","2 — Cafés artificiellement enrichis","café instantané bio mexicain","Cordyceps; Reishi; Turkey Tail; King Trumpet; Shiitake; Lion's Mane; fibres","30 portions; dose de chaque champignon non publiée","48 mg","27 $ promotion / 30; prix de référence 45 $","non, expédition US mise en avant","programme public non identifié","https://www.ryzesuperfoods.com/","A","Prix fortement promotionnel et abonnement à surveiller.","2026-08-01","actif — page officielle observée","source officielle accessible et revérifiée","café instantané","non publiée","30","non publié","48","48","faible (≤ 50 mg)","Lion's Mane; Reishi; Cordyceps; Turkey Tail; Shiitake; King Trumpet","6","non publiée","non publiée","non publié","non publié","non publié","non publié","non publié","allergènes/régime non publiés","diluer dans de l'eau ou du lait; température selon fabricant","non calculable avec les données publiques","partielle","non publiée","bien-être fonctionnel / champignons","P1 — référence structurante","faible à moyen","non publiée","aucun changement majeur identifié lors de la revérification","","","","","non"
"Everyday Dose","Coffee+ Mild / Medium","États-Unis","poudre instantanée","Café collagène, champignons et nootropiques","2 — Cafés artificiellement enrichis","extrait de café bio Fairtrade","collagène bovin; L-théanine; Chaga; Lion's Mane","Mild: 7,3 g, 30 portions, 5 g protéines; Medium: 8,7 g, 30 portions, 4 g protéines","45 mg Mild; 90 mg Medium","29 $ starter / 30; 49 $ / 60; renouvellement annoncé 36 $","non, marché US","programme public non identifié","https://www.everydaydose.com/products/30-serving-bold-coffee","A","Chaga et Lion's Mane issus du corps fructifère; mélange propriétaire total 7 300 ou 8 700 mg selon version.","2026-08-01","actif — page officielle observée","source officielle accessible et revérifiée","café instantané","non publiée","30","non publié","45","90","modérée (51–100 mg)","Lion's Mane; Chaga","2","corps fructifère annoncé","non publiée","4 à 5 g","quantité incluse dans un mélange propriétaire","non publié","non publié","non publié","non végétalien (bovin)","diluer dans de l'eau ou du lait; température selon fabricant","non calculable avec les données publiques","élevée","tests tiers annoncés; rapports à archiver","beauté / collagène","P1 — référence structurante","moyen à élevé","non publiée","Deux niveaux de caféine, portions, protéines et poids de portion revérifiés.","","","","","non"
"MUD\\WTR","Rise Cacao","États-Unis / Royaume-Uni","poudre instantanée","Alternative cacao-chai aux adaptogènes","3 — Pas vraiment du café, mais quand même","sans café","cacao; chai; Lion's Mane; Chaga; Reishi; Cordyceps; curcuma; cannelle","30 portions","environ 35 mg via cacao/thé","prix ponctuel non extrait; 150 $ pour 3 mois observé","version UK disponible; France à confirmer","programme public non identifié","https://mudwtr.com/pages/rise","A","Alternative et non café. L'utilisateur avait demandé de la retirer du site; conservée uniquement dans l'inventaire de marché.","2026-08-01","actif — page officielle observée","source officielle accessible et revérifiée","alternative au café / latte","non publiée","30","non publié","35","35","faible (≤ 50 mg)","Lion's Mane; Chaga; Reishi; Cordyceps","4","non publiée","non publiée","non publié","non publié","non publié","non publié","non publié","allergènes/régime non publiés","diluer dans de l'eau ou du lait; température selon fabricant","non calculable avec les données publiques","partielle","non publiée","alternative au café","P2 — comparatif secondaire","faible à moyen","non publiée","aucun changement majeur identifié lors de la revérification","","","","","non"
"Strong Coffee Company","Collagen Latte Vanilla","États-Unis","poudre instantanée","Café collagène multi-actifs","2 — Cafés artificiellement enrichis","Arabica instantané","15 g collagène; 5 g MCT; Lion's Mane 500 mg; NeuroFactor 100 mg; L-théanine 100 mg; prébiotiques","30 portions en kit; 15 g protéines","100 à 110 mg selon page","39,99 $ / 15 portions ou 60 $ / 30 kit selon offre","France à confirmer","programme public non identifié","https://strongcoffeecompany.com/products/vanilla-latte-starter-kit","B","Pages officielles montrent des tailles/offres différentes; formule très documentée.","2026-08-01","page officielle observée; vente à reconfirmer","source officielle accessible et revérifiée","café instantané","non publiée","15 ou 30","non publié","100","110","élevée (> 100 mg)","Lion's Mane","1","non publiée","non publiée","15 g","15 g","non publié","5 g","non publié","allergènes/régime non publiés","diluer dans de l'eau ou du lait; température selon fabricant","2.67 $ / portion","partielle","non publiée","beauté / collagène","P2 — à compléter avant fiche longue","moyen","non publiée","aucun changement majeur identifié lors de la revérification","","","","","non"
"Before You Speak","Collagen Coffee","Australie","sachets instantanés","Café collagène multi-actifs","2 — Cafés artificiellement enrichis","café colombien","collagène marin; MCT; silice; camu-camu; proline; biotine","30 portions","115 mg","69,95 AUD référence; 52,46 AUD promotion observée","France à confirmer","programme public non identifié","https://beforeyouspeakcoffee.com/products/collagen-coffee","A","Marque propose aussi Performance, Thermo et Period Coffee.","2026-08-01","actif — page officielle observée","source officielle accessible et revérifiée","café instantané","Colombie","30","non publié","115","115","élevée (> 100 mg)","non applicable","0","non applicable","non applicable","non publié","non publié","non publié","non publié","non publié","contient poisson","diluer dans de l'eau ou du lait; température selon fabricant","non calculable avec les données publiques","partielle","non publiée","beauté / collagène","P2 — comparatif secondaire","faible à moyen","non publiée","aucun changement majeur identifié lors de la revérification","","","","","non"
"Chike","High Protein Iced Coffee","États-Unis","poudre instantanée froide","Café protéiné","2 — Cafés artificiellement enrichis","espresso réel","whey isolate/concentrée","environ 29 g; 14 portions; 20 g protéines","150 mg","34,95 $ ponctuel; 29,95 $ abonnement","non, marché US","programme public non identifié","https://www.ilikechike.com/collections/protein-coffee","A","Nombreuses saveurs; forte teneur en caféine.","2026-08-01","actif — page officielle observée","source officielle accessible et revérifiée","café instantané","non publiée","14","non publié","150","150","élevée (> 100 mg)","non applicable","0","non applicable","non applicable","20 g","non publié","non publié","non publié","non publié","contient lait","diluer dans de l'eau ou du lait; température selon fabricant","non calculable avec les données publiques","élevée","non publiée","nutrition / apport protéique","P2 — comparatif secondaire","faible à moyen","non publiée","aucun changement majeur identifié lors de la revérification","","","","","non"
"Javvy","Protein Coffee","États-Unis","poudre instantanée froide","Café protéiné avec MCT/prébiotiques","2 — Cafés artificiellement enrichis","café instantané réel","10 g whey; MCT; prébiotiques","portion non publiée; 10 g protéines","80 mg","34,95 $ un sac; dégressif jusqu'à 24,95 $","non, marché US","programme public non identifié","https://javvycoffee.com/products/javvy-protein-coffee","A","Très grand nombre de saveurs; prix promotionnel par bundle.","2026-08-01","actif — page officielle observée","source officielle accessible et revérifiée","café instantané","non publiée","non publié","non publié","80","80","modérée (51–100 mg)","non applicable","0","non applicable","non applicable","10 g","non publié","non publié","non publié","non publié","contient lait","diluer dans de l'eau ou du lait; température selon fabricant","non calculable avec les données publiques","partielle","non publiée","nutrition / apport protéique","P2 — comparatif secondaire","faible à moyen","non publiée","aucun changement majeur identifié lors de la revérification","","","","","non"
"Super Coffee","Lean Iced Latte","États-Unis","bouteille prête à boire","RTD café protéiné et MCT","2 — Cafés artificiellement enrichis","café infusé","protéines de lait; MCT","12 fl oz; 10 g protéines","non publié sur page extraite","35,99 $ / 12 en promotion","non, marché US","programme public non identifié","https://www.drinksupercoffee.com/products/vanilla-super-coffee","B","Édulcoré au sucralose; distinguer des versions Protein+ et XXTRA.","2026-08-01","page officielle observée; vente à reconfirmer","source officielle accessible et revérifiée","prêt à boire","non publiée","non publié","non publié","à confirmer","à confirmer","non documenté","non applicable","0","non applicable","non applicable","10 g","non publié","non publié","non publié","sucralose","contient lait","prêt à consommer","non calculable avec les données publiques","partielle","non publiée","nutrition / apport protéique","P2 — à compléter avant fiche longue","moyen","non publiée","aucun changement majeur identifié lors de la revérification","","","","","non"
"Super Coffee","XXTRA","États-Unis","bouteille prête à boire","RTD café, ginseng et vitamines","2 — Cafés artificiellement enrichis","café infusé","MCT; Panax ginseng; vitamines B; protéines laitières","15 fl oz; 7 g protéines","200 mg","39,99 $ / 12","non, marché US","programme public non identifié","https://www.drinksupercoffee.com/products/super-coffee-xxtra-vanilla","A","Formule très caféinée et distincte de Lean.","2026-08-01","actif — page officielle observée","source officielle accessible et revérifiée","prêt à boire","non publiée","non publié","non publié","200","200","élevée (> 100 mg)","non applicable","0","non applicable","non applicable","7 g","non publié","non publié","non publié","non publié","contient lait","prêt à consommer","non calculable avec les données publiques","partielle","non publiée","énergie / usage quotidien","P2 — comparatif secondaire","faible à moyen","non publiée","aucun changement majeur identifié lors de la revérification","","","","","non"
"Taika","Black Coffee / Macadamia Latte","États-Unis","canette prête à boire","RTD café adaptogène","2 — Cafés artificiellement enrichis","cold brew single origin","L-théanine; KSM-66 Ashwagandha; Lion's Mane; selon latte Cordyceps/Reishi/MCT","canette individuelle","120 mg latte selon FAQ; 60 mg sur ancienne offre; noir non publié","48 $ le pack affiché; produit noir épuisé","non, marché US","programme public non identifié","https://taika.co/product/black-coffee/","B","La gamme et les teneurs ont évolué; vérifier par référence avant publication.","2026-08-01","épuisé lors du relevé","source officielle accessible et revérifiée","prêt à boire","non publiée","non publié","non publié","60","120","élevée (> 100 mg)","Lion's Mane; Reishi; Cordyceps","3","non publiée","non publiée","non publié","non publié","non publié","non publié","non publié","allergènes/régime non publiés","prêt à consommer","non calculable avec les données publiques","faible","non publiée","énergie / usage quotidien","P3 — veille / ne pas recommander encore","moyen","non publiée","Page officielle indiquée SOLD OUT lors de la revérification.","","","","","non"
"Optimal Human","Adaptogenic Mushroom Super Coffee","États-Unis","poudre instantanée","Café collagène et adaptogènes","2 — Cafés artificiellement enrichis","Arabica colombien","5 g collagène; Lion's Mane; Ashwagandha; L-théanine","315 g; portions non extraites","environ 75 mg","prix non extrait","non, marché US","programme public non identifié","https://optimalhuman.com/products/adaptogenic-mushroom-super-coffee","A","Dose des trois adaptogènes non publiée dans l'extrait.","2026-08-01","actif — page officielle observée","source officielle accessible et revérifiée","café instantané","Colombie","non publié","non publié","75","75","modérée (51–100 mg)","Lion's Mane","1","non publiée","extrait; méthode non détaillée","non publié","5 g","non publié","non publié","non publié","allergènes/régime non publiés","diluer dans de l'eau ou du lait; température selon fabricant","non calculable avec les données publiques","partielle","non publiée","beauté / collagène","P2 — comparatif secondaire","moyen à élevé","non publiée","aucun changement majeur identifié lors de la revérification","","","","","non"
"Transparent Labs","Protein Coffee","États-Unis","poudre instantanée","Café protéiné","2 — Cafés artificiellement enrichis","Arabica réel","whey isolate grass-fed","25,8 g; 15 portions; 20 g protéines","170 mg","prix non extrait","non, marché US","programme public non identifié","https://www.transparentlabs.com/blogs/all/protein-coffee","A","Forte caféine; 80 kcal et moins de 1 g de sucre annoncés.","2026-08-01","actif — page officielle observée","source officielle accessible et revérifiée","café instantané","non publiée","15","non publié","170","170","élevée (> 100 mg)","non applicable","0","non applicable","non applicable","20 g","non publié","non publié","non publié","sucre présent","contient lait","diluer dans de l'eau ou du lait; température selon fabricant","non calculable avec les données publiques","élevée","non publiée","nutrition / apport protéique","P2 — comparatif secondaire","faible à moyen","non publiée","aucun changement majeur identifié lors de la revérification","","","","","non"
"Canadian Protein","Protein Coffee","Canada","poudre instantanée","Café protéiné","2 — Cafés artificiellement enrichis","café spray-dried réel","whey concentrée","30 portions; 22 g protéines","62,5 mg","environ 2 CAD/portion","non, marché Canada","programme public non identifié","https://canadianprotein.com/products/protein-coffee","A","Fabriqué au Canada.","2026-08-01","actif — page officielle observée","source officielle accessible et revérifiée","café instantané","non publiée","30","non publié","62.5","62.5","modérée (51–100 mg)","non applicable","0","non applicable","non applicable","22 g","non publié","non publié","non publié","non publié","contient lait","diluer dans de l'eau ou du lait; température selon fabricant","non calculable avec les données publiques","partielle","non publiée","nutrition / apport protéique","P2 — comparatif secondaire","faible à moyen","non publiée","aucun changement majeur identifié lors de la revérification","","","","","non"
"Eons","Smart Mushroom Coffee","États-Unis","poudre instantanée","Café multi-nootropiques à forte stimulation","2 — Cafés artificiellement enrichis","café colombien","Chaga; Lion's Mane; Cordyceps; L-théanine; Ashwagandha; Rhodiola; Bacopa; 5-HTP; yohimbine; Huperzia; autres","portion non publiée","180 mg","prix non extrait","non, marché US","programme public non identifié","https://eons.com/products/smart-mushroom-coffee","A","Formule très chargée et stimulante; évaluer sécurité et réglementation France avant toute mise en avant.","2026-08-01","actif — page officielle observée","source officielle accessible et revérifiée","café instantané","Colombie","non publié","non publié","180","180","élevée (> 100 mg)","Lion's Mane; Chaga; Cordyceps","3","non publiée","non publiée","non publié","non publié","non publié","non publié","non publié","allergènes/régime non publiés","diluer dans de l'eau ou du lait; température selon fabricant","non calculable avec les données publiques","faible","non publiée","focus / cognition","P2 — comparatif secondaire","faible à moyen","non publiée","aucun changement majeur identifié lors de la revérification","","","","","non"
"X Mushroom Coffee","X Mushroom Coffee","États-Unis","poudre instantanée","Café aux champignons avec MCT","2 — Cafés artificiellement enrichis","Arabica en poudre","Cordyceps; Lion's Mane; Reishi; Shiitake; Turkey Tail; King Trumpet; MCT; coco","portion non publiée","valeur non extraite","prix non extrait","non, expédition US uniquement annoncée","programme public non identifié","https://xmushroomcoffee.com/","B","Doses individuelles et caféine à compléter.","2026-08-01","page officielle observée; vente à reconfirmer","source officielle accessible et revérifiée","café instantané","non publiée","non publié","non publié","à confirmer","à confirmer","non documenté","Lion's Mane; Reishi; Cordyceps; Turkey Tail; Shiitake; King Trumpet","6","non publiée","non publiée","non publié","non publié","non publié","non publié","non publié","allergènes/régime non publiés","diluer dans de l'eau ou du lait; température selon fabricant","non calculable avec les données publiques","faible","non publiée","bien-être fonctionnel / champignons","P2 — à compléter avant fiche longue","moyen","non publiée","aucun changement majeur identifié lors de la revérification","","","","","non"
"Eightbillion","Brain & Mood Coffee","États-Unis","boisson/poudre à confirmer","Café aux adaptogènes et nootropiques","2 — Cafés artificiellement enrichis","café colombien bio","CognatiQ coffee berry; KSM-66 Ashwagandha; Reishi; Lion's Mane; Suntheanine","non publié","non publié","prix non extrait","non, marché US","programme public non identifié","https://eightbillion.com/","B","Présence d'extrait de fruit du café intéressante pour l'axe BDNF; formule exacte à relever.","2026-08-01","page officielle observée; vente à reconfirmer","source officielle accessible et revérifiée","prêt à boire","Colombie","non publié","non publié","à confirmer","à confirmer","non documenté","Lion's Mane; Reishi","2","non publiée","extrait; méthode non détaillée","non publié","non publié","non publié","non publié","non publié","allergènes/régime non publiés","prêt à consommer","non calculable avec les données publiques","faible","non publiée","focus / cognition","P2 — à compléter avant fiche longue","moyen","non publiée","aucun changement majeur identifié lors de la revérification","","","","","non"
"Nueva","Nueva Morning","États-Unis","poudre/sachets à confirmer","Café nootropique multi-actifs","2 — Cafés artificiellement enrichis","café colombien","Cogni-Grape; Lion's Mane; Cordyceps; L-théanine; antioxydants","non publié","85 mg de caféine de thé vert annoncés","prix non extrait","non, marché US","programme public non identifié","https://www.nuevalife.com/shop/nueva-morning","B","Café plus caféine de thé vert; composition et format à détailler.","2026-08-01","page officielle observée; vente à reconfirmer","source officielle accessible et revérifiée","à confirmer","Colombie","non publié","non publié","85","85","modérée (51–100 mg)","Lion's Mane; Cordyceps","2","non publiée","non publiée","non publié","non publié","non publié","non publié","non publié","allergènes/régime non publiés","diluer dans de l'eau ou du lait; température selon fabricant","non calculable avec les données publiques","faible","non publiée","focus / cognition","P2 — à compléter avant fiche longue","moyen","non publiée","aucun changement majeur identifié lors de la revérification","","","","","non"
"Atlas+","Superblend Coffee / Latte","États-Unis","poudre instantanée","Café collagène tout-en-un","2 — Cafés artificiellement enrichis","extrait de cold brew Arabica","collagène bovin; probiotiques; Ashwagandha; L-théanine; Reishi; Lion's Mane; Chaga; Cordyceps; vitamines D/B12","portion non publiée; 20 à 50 kcal","environ 45 mg","prix courant non extrait; promotions jusqu'à -50 %","non, livraison US mise en avant","programme public non identifié","https://atlascoffeeclub.com/products/atlas-plus-superblend-latte","A","Source officielle alterne entre 3 et 4 champignons sur certaines pages; vérifier étiquette.","2026-08-01","actif — page officielle observée","source officielle accessible et revérifiée","café instantané","non publiée","non publié","non publié","45","45","faible (≤ 50 mg)","Lion's Mane; Chaga; Reishi; Cordyceps","4","non publiée","non publiée","non publié","non publié","non publié","non publié","non publié","non végétalien (bovin)","diluer dans de l'eau ou du lait; température selon fabricant","non calculable avec les données publiques","faible","non publiée","beauté / collagène","P2 — comparatif secondaire","faible à moyen","non publiée","aucun changement majeur identifié lors de la revérification","","","","","non"
"Laird Superfood","Organic PERFORM Functional Mushroom Coffee","États-Unis","café moulu et K-Cups","Café moulu aux champignons","2 — Cafés artificiellement enrichis","café péruvien bio","Lion's Mane; Chaga; Cordyceps; Maitake","10 g; environ 500 mg mélange champignons","environ 100 mg pour 12 oz; 65–70 mg pour 8 oz","20 $ / 12 oz; K-Cups 15 $","non, marché US","programme public non identifié","https://lairdsuperfood.com/collections/all/products/perform-medium-roast-ground-mushroom-coffee","A","Vrai café moulu; extraits ajoutés aux grains moulus.","2026-08-01","actif — page officielle observée","source officielle accessible et revérifiée","café en capsule","Pérou","non publié","non publié","65","100","modérée (51–100 mg)","Lion's Mane; Chaga; Cordyceps; Maitake","4","non publiée","extrait; méthode non détaillée","non publié","non publié","non publié","non publié","non publié","allergènes/régime non publiés","machine compatible avec la capsule","non calculable avec les données publiques","partielle","non publiée","bien-être fonctionnel / champignons","P2 — comparatif secondaire","faible à moyen","non publiée","aucun changement majeur identifié lors de la revérification","","","","","non"
"MushUp","SPARK","Canada (Québec)","café en grains ou moulu","Café aux champignons infusé dans le grain","2 — Cafés artificiellement enrichis","Arabica bio et équitable, origines Pérou et Sidamo","Reishi; Lion's Mane","dose de champignons non publiée; sacs 250 g à 2,5 kg","non publiée","22,99 CAD / 250 g","non, marché Canada; devise EUR disponible mais expédition à confirmer","contact partenaire: info@mushup.ca","https://mushup.ca/en/products/duo-spark-lionsmane-reishi","B","Technique propriétaire incorporant les extraits directement aux grains; triple extraction annoncée.","2026-08-01","page officielle observée; vente à reconfirmer","source officielle accessible et revérifiée","café à préparer (goût café)","Pérou","non publié","5 kg","à confirmer","à confirmer","non documenté","Lion's Mane; Reishi","2","non publiée","extrait; méthode non détaillée","non publié","non publié","non publié","non publié","non publié","allergènes/régime non publiés","moudre puis préparer comme un café classique","non calculable avec les données publiques","partielle","non publiée","bien-être fonctionnel / champignons","P2 — à compléter avant fiche longue","moyen","non publiée","aucun changement majeur identifié lors de la revérification","","","","","non"
"Shyne","Lion's Mane Coffee / Rising Star","Canada","poudre instantanée crémeuse","Café aux champignons","2 — Cafés artificiellement enrichis","café instantané bio équitable de Papouasie-Nouvelle-Guinée","Lion's Mane; crème avoine-coco; sucre d'érable","6 g; 500 mg de Lion's Mane; 30 portions","65–75 mg","52 CAD achat ponctuel; 29 CAD premier abonnement puis 39 CAD","non, expédition Canada","programme public: https://shynecoffee.ca/affiliates","https://shynecoffee.ca/product/lions-mane-coffee","A","Extrait double incluant mycélium et corps fructifère; 2 g de sucres par tasse.","2026-08-01","actif — page officielle observée","source officielle accessible et revérifiée","café instantané","non publiée","30","non publié","65","75","modérée (51–100 mg)","Lion's Mane","1","mixte: corps fructifère et mycélium","extrait; méthode non détaillée","non publié","non publié","non publié","non publié","sucre présent","allergènes/régime non publiés","diluer dans de l'eau ou du lait; température selon fabricant","non calculable avec les données publiques","élevée","non publiée","bien-être fonctionnel / champignons","P2 — comparatif secondaire","faible à moyen","non publiée","aucun changement majeur identifié lors de la revérification","","","","","non"
"Rainbo","Fungki Mushroom Coffee","Canada","poudre instantanée","Café aux champignons et plante adaptogène","2 — Cafés artificiellement enrichis","cold brew café faible acidité + café décaféiné","Lion's Mane; Reishi; éleuthérocoque; sel rose","3 000 mg de champignons par portion","44 mg","à partir de 66 CAD; 112 CAD affichés selon lot","non, marché Canada","programme public non identifié; contact marque","https://rainbo.ca/products/fungki-coffee","A","Extraits bio issus uniquement du corps fructifère; base cold brew faible acidité.","2026-08-01","actif — page officielle observée","source officielle accessible et revérifiée","café instantané","non publiée","non publié","non publié","44","44","faible (≤ 50 mg)","Lion's Mane; Reishi","2","corps fructifère annoncé","extraits; méthode exacte à archiver","non publié","non publié","non publié","non publié","non publié","allergènes/régime non publiés","diluer dans de l'eau ou du lait; température selon fabricant","non calculable avec les données publiques","partielle","bio et contrôle qualité annoncés; rapport à archiver","bien-être fonctionnel / champignons","P2 — comparatif secondaire","faible à moyen","non publiée","Dose totale, caféine et partie de champignon revérifiées.","","","","","non"
"DODJIVI","4 Protection Instant Organic Mushroom Coffee","Canada","poudre instantanée","Café aux champignons","2 — Cafés artificiellement enrichis","café Arabica colombien","Lion's Mane; Chaga; Turkey Tail; Reishi","250 mg de chaque champignon; 1 000 mg total; 18 ou 45 portions","59 mg","23,39–44,99 CAD","non, marché Canada; site français disponible","programme public non identifié; info@dodjivi.com","https://www.dodjivi.com/products/4-in-1-chaga-and-lions-mane-mushroom-coffee","A","Sans sucre, édulcorant ni additif annoncé; champignons bio cultivés au Canada.","2026-08-01","actif — page officielle observée","source officielle accessible et revérifiée","café instantané","Colombie","45","non publié","59","59","modérée (51–100 mg)","Lion's Mane; Chaga; Reishi; Turkey Tail","4","non publiée","non publiée","non publié","non publié","non publié","non publié","sans sucre annoncé","allergènes/régime non publiés","diluer dans de l'eau ou du lait; température selon fabricant","non calculable avec les données publiques","élevée","non publiée","bien-être fonctionnel / champignons","P2 — comparatif secondaire","faible à moyen","non publiée","aucun changement majeur identifié lors de la revérification","","","","","non"
"DODJIVI","Vitality Instant Organic Mushroom Coffee","Canada","poudre instantanée","Café champignon et plantes multi-actifs","2 — Cafés artificiellement enrichis","café Arabica colombien","Reishi; Panax ginseng; figue de Barbarie; lotus; guarana; thé vert; L-carnitine; Garcinia","dose des actifs non publiée; 18, 21 ou 45 portions","64 mg","27,99 CAD affichés","non, marché Canada","programme public non identifié; info@dodjivi.com","https://www.dodjivi.com/products/vitality-mushroom-coffee","A","Présence de plusieurs sources stimulantes; ligne distincte du produit 4 Protection.","2026-08-01","actif — page officielle observée","source officielle accessible et revérifiée","café instantané","Colombie","45","non publié","64","64","modérée (51–100 mg)","Reishi","1","non publiée","non publiée","non publié","non publié","non publié","non publié","non publié","allergènes/régime non publiés","diluer dans de l'eau ou du lait; température selon fabricant","non calculable avec les données publiques","partielle","non publiée","bien-être fonctionnel / champignons","P2 — comparatif secondaire","faible à moyen","non publiée","aucun changement majeur identifié lors de la revérification","","","","","non"
"Urban Calm Coffee","Dreamer / Onward / Centered / Lioness","Canada (Calgary)","grains, moulu ou K-Cups","Café aux champignons ciblés","2 — Cafés artificiellement enrichis","Arabica de spécialité colombien torréfié au Canada","combinaisons de deux parmi Lion's Mane, Reishi, Chaga, Cordyceps","dose de champignons non publiée; sac 340 g","environ 70 mg / 8 oz selon gamme","24,99 CAD / sac; K-Cups dès 19,99 CAD","non, expédition Canada","programme public non identifié; contact marque","https://urbancalmcoffee.ca/collections/mushroom-coffee","A","Corps fructifères bio; quatre profils fonctionnels et formats café traditionnels. Une autre page instantanée mentionne 50 mg et cinq champignons: vérifier la gamme exacte avant publication.","2026-08-01","actif — page officielle observée","source officielle accessible et revérifiée","café en capsule","Colombie","non publié","0 g","70","70","modérée (51–100 mg)","Lion's Mane; Chaga; Reishi; Cordyceps","4","corps fructifère annoncé","non publiée","non publié","non publié","non publié","non publié","non publié","allergènes/régime non publiés","machine compatible avec la capsule","non calculable avec les données publiques","partielle","non publiée","bien-être fonctionnel / champignons","P2 — comparatif secondaire","faible à moyen","non publiée","aucun changement majeur identifié lors de la revérification","","","","","non"
"Shroomy","Shroomy Coffee","Canada","poudre instantanée à confirmer","Café aux champignons, plante et adaptogène","2 — Cafés artificiellement enrichis","café réel annoncé, base détaillée non publiée","Lion's Mane; Cordyceps; Ashwagandha","dose non publiée","non publiée","prix non visible dans la page publique","non, expédition Canada exclusivement","contact: info@myshroomycoffee.com","https://myshroomycoffee.com/","C","Transparence faible: pas de tableau de composition, dosage ni caféine visible; nombreuses répétitions de témoignages sur la page.","2026-08-01","page officielle observée; vente à reconfirmer","source officielle partielle ou produit non finalisé","café instantané","non publiée","non publié","non publié","à confirmer","à confirmer","non documenté","Lion's Mane; Cordyceps","2","non publiée","non publiée","non publié","non publié","non publié","non publié","non publié","allergènes/régime non publiés","diluer dans de l'eau ou du lait; température selon fabricant","non calculable avec les données publiques","faible","non publiée","bien-être fonctionnel / champignons","P3 — veille / ne pas recommander encore","moyen à élevé","non publiée","aucun changement majeur identifié lors de la revérification","","","","","non"
"AdaptoLatte","Original AdaptoLatte","Australie","poudre cacao-latte","Boisson tout-en-un avec extrait de café","3 — Pas vraiment du café, mais quand même","extrait de café dans une base cacao et coco","Lion's Mane; Cordyceps; Reishi; Chaga; Agaricus; astragale; curcuma; maca; shilajit; bacopa; ginkgo; L-théanine; rhodiola","12 g; 30 portions; 3 360 mg de champignons annoncés","80 mg","prix non extrait","non, marché Australie; expédition internationale à confirmer","programme public non identifié","https://adaptolatte.com/en-au/products/adaptolatte-powder","A","Ce n'est pas un café noir: produit cacao-latte très chargé en actifs; page officielle présente des dosages différents selon versions, vérifier l'étiquette.","2026-08-01","actif — page officielle observée","source officielle accessible et revérifiée","alternative au café / latte","non publiée","30","non publié","80","80","modérée (51–100 mg)","Lion's Mane; Chaga; Reishi; Cordyceps; Agaricus","5","non publiée","non publiée","non publié","non publié","non publié","non publié","non publié","allergènes/régime non publiés","diluer dans de l'eau ou du lait; température selon fabricant","non calculable avec les données publiques","élevée","non publiée","alternative au café","P2 — comparatif secondaire","faible à moyen","non publiée","aucun changement majeur identifié lors de la revérification","","","","","non"
"Alchemy Dose","MycoSynergy Mushroom Coffee","Inde","poudre instantanée","Café aux champignons et L-théanine","2 — Cafés artificiellement enrichis","Arabica indien lyophilisé","Lion's Mane; Cordyceps militaris; Reishi; Chaga; Turkey Tail; Suntheanine","2,5 g avec 500 mg ou 3 g avec 1 000 mg de champignons; 100 mg L-théanine","environ 50–60 mg dans la FAQ; autre texte 60–80 mg","945 INR / 10 portions en 500 mg; 1 350 INR / 10 portions en 1 000 mg","oui annoncé, expédition mondiale; frais à vérifier","programme public non identifié","https://alchemydose.com/products/super-shroom-coffee","A","Corps fructifères 8:1 double extraction; excellente transparence mais incohérence interne sur la caféine.","2026-08-01","actif — page officielle observée","source officielle accessible et revérifiée","café instantané","non publiée","10","non publié","50","80","modérée (51–100 mg)","Lion's Mane; Chaga; Reishi; Cordyceps; Turkey Tail","5","corps fructifère annoncé","double extraction annoncée","non publié","non publié","non publié","non publié","non publié","allergènes/régime non publiés","diluer dans de l'eau ou du lait; température selon fabricant","non calculable avec les données publiques","élevée","non publiée","bien-être fonctionnel / champignons","P1 — fiche prioritaire France","faible à moyen","non publiée","aucun changement majeur identifié lors de la revérification","","","","","non"
"The Nutra Company","Focus / Energy / Slim / Beauty Coffee","Inde","poudre instantanée en sachets","Gamme de cafés fonctionnels par objectif","2 — Cafés artificiellement enrichis","café instantané réel annoncé","Focus: L-théanine, Rhodiola, ginseng; Energy: Sensoril Ashwagandha, taurine, bêta-alanine; Beauty: collagène, acide hyaluronique; Slim: L-carnitine, Garcinia","dosages exacts à extraire par référence","non publiée","dès 420 INR; prix barré 599 INR","non, marché Inde","programme public non identifié","https://thenutracompany.co.in/","B","Une des rares gammes structurées en quatre bénéfices; vérifier chaque fiche et les allégations avant réemploi en France.","2026-08-01","page officielle observée; vente à reconfirmer","source officielle accessible et revérifiée","café instantané","non publiée","non publié","non publié","à confirmer","à confirmer","non documenté","non applicable","0","non applicable","non applicable","non publié","non publié","non publié","non publié","non publié","allergènes/régime non publiés","diluer dans de l'eau ou du lait; température selon fabricant","non calculable avec les données publiques","faible","non publiée","énergie / usage quotidien","P2 — à compléter avant fiche longue","moyen","non publiée","aucun changement majeur identifié lors de la revérification","","","","","non"
"Potential","Protein Functional Coffee","Inde","poudre instantanée en sachets","Café protéiné et nootropique","2 — Cafés artificiellement enrichis","café Arabica réel","whey; protéine de pois; L-théanine; enzymes digestives","15 g; 10 g de protéines; 70 mg L-théanine; 7 sachets","70 mg","699 INR / 7 sachets; 999 INR / 14 en offre","non, marché Inde","parrainage public: https://potentialfuel.com/pages/refer-and-earn","https://potentialfuel.com/products/potential-protein-functional-coffee","A","0 sucre; 53 kcal; caféine listée à la fois via Arabica et dans la liste d'ingrédients.","2026-08-01","actif — page officielle observée","source officielle accessible et revérifiée","café instantané","non publiée","7","non publié","70","70","modérée (51–100 mg)","non applicable","0","non applicable","non applicable","10 g","non publié","non publié","non publié","sucre présent","contient lait","diluer dans de l'eau ou du lait; température selon fabricant","non calculable avec les données publiques","élevée","non publiée","nutrition / apport protéique","P2 — comparatif secondaire","faible à moyen","non publiée","aucun changement majeur identifié lors de la revérification","","","","","non"
"Shroomnest","Focus & Energy","Inde","poudre instantanée","Café aux champignons, nootropiques et adaptogènes","2 — Cafés artificiellement enrichis","base café revendiquée mais composition détaillée non extraite","champignons, nootropiques et adaptogènes non quantifiés sur la page d'accueil","4 g; 30 portions","non publiée","1 199 INR; prix barré 1 499 INR","non, marché Inde","programme public non identifié","https://www.shroomnest.com/","C","Se présente comme premier café adaptogène indien; niveau de détail public insuffisant pour comparer les doses.","2026-08-01","page officielle observée; vente à reconfirmer","source officielle partielle ou produit non finalisé","café instantané","non publiée","30","non publié","à confirmer","à confirmer","non documenté","mélange non détaillé","à confirmer","non publiée","non publiée","non publié","non publié","non publié","non publié","non publié","allergènes/régime non publiés","diluer dans de l'eau ou du lait; température selon fabricant","non calculable avec les données publiques","partielle","non publiée","focus / cognition","P3 — veille / ne pas recommander encore","moyen à élevé","non publiée","aucun changement majeur identifié lors de la revérification","","","","","non"
"Mahogany Organics","7 Mushrooms Mix Coffee","Inde","poudre instantanée","Café multi-champignons","2 — Cafés artificiellement enrichis","café instantané","Reishi/Ganoderma; Lion's Mane; Chaga; Cordyceps; Turkey Tail; Shiitake; Maitake","2 g recommandé; 200 g par pot; doses individuelles non publiées","annoncée plus basse qu'un café classique, sans valeur","1 150 INR / 200 g; prix barré 1 499 INR","non, marché Inde","contact: contact@mahoganyorganics.in","https://www.mahoganyorganics.in/products/mahogany-7-mushrooms-mix-coffee-with-beneficial-effects-of-seven-mushrooms-200g","B","Gamme comprenant aussi Gano, Lion's Mane et Cordyceps; manque de dosage et de caféine chiffrée.","2026-08-01","page officielle observée; vente à reconfirmer","source officielle accessible et revérifiée","café instantané","non publiée","non publié","200 g","à confirmer","à confirmer","non documenté","Lion's Mane; Chaga; Reishi; Cordyceps; Turkey Tail; Maitake; Shiitake","7","non publiée","non publiée","non publié","non publié","non publié","non publié","non publié","allergènes/régime non publiés","diluer dans de l'eau ou du lait; température selon fabricant","non calculable avec les données publiques","partielle","non publiée","bien-être fonctionnel / champignons","P2 — à compléter avant fiche longue","moyen","non publiée","aucun changement majeur identifié lors de la revérification","","","","","non"
"MudShroom","MudShroom Coffee","Afrique du Sud","poudre instantanée","Café multi-champignons","2 — Cafés artificiellement enrichis","Arabica medium roast","Lion's Mane; Reishi; Chaga; Turkey Tail; MCT annoncé sur l'accueil mais absent de la liste produit","1–2 cuillères à café; 30 portions annoncées; doses non publiées","non publiée; seulement 'low caffeine'","349 ZAR / 100 g; 549 ZAR / 200 g; 929 ZAR / 300 g","non, livraison Afrique du Sud","contact: info@mudshroomcoffee.co.za","https://mudshroomcoffee.co.za/products/mud-shroom-coffee","B","Incohérences entre page d'accueil et fiche; le même sélecteur contient aussi chai/cacao sans café.","2026-08-01","page officielle observée; vente à reconfirmer","source officielle accessible et revérifiée","café instantané","non publiée","30","non publié","à confirmer","à confirmer","non documenté","Lion's Mane; Chaga; Reishi; Turkey Tail","4","non publiée","non publiée","non publié","non publié","non publié","non publié","non publié","allergènes/régime non publiés","diluer dans de l'eau ou du lait; température selon fabricant","non calculable avec les données publiques","partielle","non publiée","bien-être fonctionnel / champignons","P2 — à compléter avant fiche longue","moyen","non publiée","aucun changement majeur identifié lors de la revérification","","","","","non"
"Fungu","Fungu Chocolate Flavor","Espagne","poudre instantanée cacao-café","Café aux champignons, plantes et cacao","2 — Cafés artificiellement enrichis","extrait de café bio CO2","Lion's Mane; Cordyceps; Chaga; Ashwagandha; maca; Rhodiola; vitamine B5; cacao; xylitol","8 g; 30 portions; sac 240 g; doses des actifs non publiées","45 mg","22,49 € en promotion; 29,99 € prix barré","oui, expédition Espagne/UE à confirmer","programme public non identifié","https://fungu.es/producto/fungu/","A","Formulé en Espagne; sans sucre ajouté mais édulcoré au xylitol.","2026-08-01","actif — page officielle observée","source officielle accessible et revérifiée","café instantané","non publiée","30","0 g","45","45","faible (≤ 50 mg)","Lion's Mane; Chaga; Cordyceps","3","non publiée","non publiée","non publié","non publié","non publié","non publié","xylitol; sans sucre annoncé","allergènes/régime non publiés","diluer dans de l'eau ou du lait; température selon fabricant","non calculable avec les données publiques","élevée","non publiée","bien-être fonctionnel / champignons","P1 — fiche prioritaire France","faible à moyen","non publiée","aucun changement majeur identifié lors de la revérification","","","","","non"
"MYKOFI","Café con Hongos Funcionales","Espagne","poudre instantanée","Café multi-champignons et adaptogènes","2 — Cafés artificiellement enrichis","Arabica réel","Lion's Mane; Cordyceps; Reishi; Chaga; Maitake; Ashwagandha KSM-66; maca; vitamine B5","8 g; 30 portions; sac 240 g; page affiche des équivalences d'extraits dépassant le poids de portion","187 mg","34,95 € / 30 portions; temporairement épuisé sur une page","oui, fabriqué en Espagne; livraison UE probable","programme public non identifié; hello@drinkmykofi.com","https://drinkmykofi.es/products/mushroom-coffee","A","Très forte caféine pour le segment; les valeurs 2 500 mg par extrait semblent être des équivalences 10:1 et doivent être clarifiées.","2026-08-01","rupture ou disponibilité incertaine","source officielle accessible et revérifiée","café instantané","non publiée","30","0 g","187","187","élevée (> 100 mg)","Lion's Mane; Chaga; Reishi; Cordyceps; Maitake","5","non publiée","extrait; méthode non détaillée","non publié","non publié","non publié","non publié","non publié","allergènes/régime non publiés","diluer dans de l'eau ou du lait; température selon fabricant","1.17 € / portion","élevée","non publiée","bien-être fonctionnel / champignons","P1 — fiche prioritaire France","faible à moyen","non publiée","aucun changement majeur identifié lors de la revérification","","","","","non"
"nu3","Focus Mushroom Coffee","Allemagne / Italie / UE","poudre instantanée","Café aux champignons, maca et micronutriments","2 — Cafés artificiellement enrichis","extrait de Coffea robusta","Lion's Mane; Cordyceps sinensis; Chaga; maca; inuline; choline; zinc; B5; biotine","8 g; 500 mg Lion's Mane; 350 mg Cordyceps; 250 mg Chaga; 700 mg maca; 1 788 mg inuline; 15 portions","162 mg","16,99 € / 120 g","oui, vente directe en France","programme public non identifié","https://www.nu3.fr/products/nu3-focus-mushroom-coffee","A","Fiche française complète. Caféine élevée: 162 mg par portion de 8 g. Contient des sulfites selon la fiche.","2026-09-08","actif — disponible sur la boutique française","fiche française officielle accessible","café instantané","non publiée","15","non publié","162","162","élevée (> 100 mg)","Lion's Mane; Chaga; Cordyceps","3","non publiée","non publiée","non publié","non publié","non publié","non publié","non publié","vegan; sans sucres ajoutés; contient des sulfites","diluer dans de l'eau ou du lait; température selon fabricant","non calculable avec les données publiques","élevée","non publiée sur la fiche consultée","bien-être fonctionnel / champignons","P1 — fiche prioritaire France","moyen à élevé","non publiée","Fiche française et vente directe retrouvées; composition et prix confirmés.","","disponibilité France confirmée","2026-09-08","La fiche française confirme la vente directe, 162 mg de caféine et les doses de trois champignons.","oui"
"RåHygge","Reishi Mushroom Coffee","Pays-Bas / Suède","grains ou moulu","Café aux champignons infusé","2 — Cafés artificiellement enrichis","Arabica bio de spécialité torréfié en Suède","Reishi double extrait","paquet d'environ 227 g; 4 540 mg de Reishi, soit 2 %","non publiée","prix non extrait","oui, boutique Benelux/UE à confirmer","contact B2B via site","https://www.rahygge.nl/","A","Café faible acidité annoncé pH 6,0; existe aussi en Lion's Mane et Tremella.","2026-08-01","actif — page officielle observée","source officielle accessible et revérifiée","café à préparer (goût café)","non publiée","non publié","7 g","à confirmer","à confirmer","non documenté","Lion's Mane; Reishi; Tremella","3","non publiée","double extraction annoncée","non publié","non publié","non publié","non publié","non publié","allergènes/régime non publiés","moudre puis préparer comme un café classique","non calculable avec les données publiques","partielle","non publiée","bien-être fonctionnel / champignons","P1 — fiche prioritaire France","faible à moyen","non publiée","aucun changement majeur identifié lors de la revérification","","","","","non"
"Mushroom Coffee Spain","Mushroom Coffee","Espagne","30 sachets instantanés","Café multi-champignons","2 — Cafés artificiellement enrichis","Arabica réel","Lion's Mane; Cordyceps; Reishi; Turkey Tail; Shiitake; la page évoque aussi Chaga dans les bénéfices","5 g; 30 sachets; doses non publiées","moins qu'un espresso, valeur non publiée","prix non visible","oui, marché Espagne","programme public non identifié","https://www.mushroomcoffespain.com/","C","Site très récent et transparence limitée; incohérence entre liste principale à cinq champignons et mention de Chaga.","2026-08-01","page officielle observée; vente à reconfirmer","source officielle partielle ou produit non finalisé","café instantané","non publiée","30","non publié","à confirmer","à confirmer","non documenté","Lion's Mane; Chaga; Reishi; Cordyceps; Turkey Tail; Shiitake","6","non publiée","non publiée","non publié","non publié","non publié","non publié","non publié","allergènes/régime non publiés","diluer dans de l'eau ou du lait; température selon fabricant","non calculable avec les données publiques","partielle","non publiée","bien-être fonctionnel / champignons","P3 — veille / ne pas recommander encore","moyen à élevé","non publiée","aucun changement majeur identifié lors de la revérification","","","","","non"
"DXN","Lingzhi Coffee 2 in 1","Malaisie / international","sachets instantanés","Café au Ganoderma historique","2 — Cafés artificiellement enrichis","café instantané","extrait de Ganoderma/Lingzhi","11 g; 20 sachets; dose de Ganoderma non publiée","non publiée","57 MYR en Malaisie Ouest; 40,40 MYR Est affichés","distribution internationale par réseau DXN; France à vérifier","réseau de vente directe DXN","https://www.dxn2u.com/product/product_det.php?lang=en&p=bev_ling21&pid=fb","A","Acteur historique avec une large gamme 2-en-1, 3-en-1, black coffee et Cordyceps; source corporate confirme l'importance commerciale.","2026-08-01","actif — page officielle observée","source officielle accessible et revérifiée","café instantané","non publiée","20","non publié","à confirmer","à confirmer","non documenté","Reishi; Cordyceps","2","non publiée","extrait; méthode non détaillée","non publié","non publié","non publié","non publié","non publié","allergènes/régime non publiés","diluer dans de l'eau ou du lait; température selon fabricant","non calculable avec les données publiques","partielle","non publiée","bien-être fonctionnel / champignons","P1 — référence structurante","faible à moyen","non publiée","aucun changement majeur identifié lors de la revérification","","","","","non"
"Gano Excel","Gano Café 3-In-1","Malaisie / international","sachets instantanés","Café au Ganoderma historique","2 — Cafés artificiellement enrichis","café, crème non laitière et sucre","extrait de Ganoderma lucidum","dose non publiée","non publiée","prix variable via distributeurs","distribution internationale par vente directe; France à vérifier","réseau Gano Excel; info@ganoexcel.com","https://www.ganoexcel.com/language/Portugese/our-offer.html","A","Marque revendique le lancement du premier 3-en-1 au Ganoderma en 1997; formule sucrée.","2026-08-01","actif — page officielle observée","source officielle accessible et revérifiée","latte instantané","non publiée","non publié","non publié","à confirmer","à confirmer","non documenté","Reishi","1","non publiée","extrait; méthode non détaillée","non publié","non publié","non publié","non publié","sucre présent","contient lait","diluer dans de l'eau ou du lait; température selon fabricant","non calculable avec les données publiques","faible","non publiée","bien-être fonctionnel / champignons","P2 — comparatif secondaire","faible à moyen","non publiée","aucun changement majeur identifié lors de la revérification","","","","","non"
"ORGANO","Gourmet Black Coffee / Coffee range","Canada / international","sachets instantanés","Café au Ganoderma","2 — Cafés artificiellement enrichis","café Arabica/Robusta selon référence","Ganoderma lucidum","dose non publiée","environ 90–135 mg selon cafés ORGANO","prix variable via distributeurs","distribution internationale, présence France à vérifier","réseau de vente directe ORGANO","https://blog.organogold.com/mushroom-coffee-explained-health-benefits-brewing-tips-and-why-organos-blend-stands-out/","B","Acteur pionnier du réseau; composition, caféine et tarifs varient fortement par SKU et pays.","2026-08-01","page officielle observée; vente à reconfirmer","source officielle accessible et revérifiée","café instantané","non publiée","non publié","non publié","90","135","élevée (> 100 mg)","Reishi","1","non publiée","non publiée","non publié","non publié","non publié","non publié","non publié","allergènes/régime non publiés","diluer dans de l'eau ou du lait; température selon fabricant","non calculable avec les données publiques","faible","non publiée","bien-être fonctionnel / champignons","P1 — référence structurante","moyen","non publiée","aucun changement majeur identifié lors de la revérification","","","","","non"
"NuSpira","NUCORE 6 Black Coffee","États-Unis","sticks instantanés","Café multi-champignons","2 — Cafés artificiellement enrichis","Arabica medium roast","Lion's Mane; Cordyceps; Reishi; Chaga; Turkey Tail; Shiitake","30 portions; dose totale de champignons non publiée","45 mg","45 $ achat ponctuel; 36 $ abonnement; 9,99 $ découverte 5 tasses","non, marché US","programme public non identifié","https://www.nuspira.com/","A","Six champignons bio; 45 mg de caféine; existe aussi en latte 24 portions.","2026-08-01","actif — page officielle observée","source officielle accessible et revérifiée","café instantané","non publiée","30","non publié","45","45","faible (≤ 50 mg)","Lion's Mane; Chaga; Reishi; Cordyceps; Turkey Tail; Shiitake","6","non publiée","non publiée","non publié","non publié","non publié","non publié","non publié","allergènes/régime non publiés","diluer dans de l'eau ou du lait; température selon fabricant","1,20–1,50 $ / portion","partielle","non publiée","bien-être fonctionnel / champignons","P2 — comparatif secondaire","faible à moyen","non publiée","Prix standard et abonnement ajoutés; 30 portions confirmées.","","","","","non"
"FEELGOOD Company","Mushroom Coffee","États-Unis","sticks instantanés","Café à dix champignons","2 — Cafés artificiellement enrichis","poudre de café Arabica","Agaricus; Lion's Mane; Reishi; Tremella; Maitake; Chaga; Cordyceps; Turkey Tail; Oyster; Shiitake","dose des extraits non publiée","55–65 mg","42,99 $","non, marché US","programme public non identifié","https://feelgoodcompany.com/products/mushroom-coffee","A","Liste exhaustive mais aucune quantité de champignons indiquée.","2026-08-01","actif — page officielle observée","source officielle accessible et revérifiée","café instantané","non publiée","non publié","non publié","55","65","modérée (51–100 mg)","Lion's Mane; Chaga; Reishi; Cordyceps; Turkey Tail; Maitake; Shiitake; Tremella; Agaricus; Oyster","10","non publiée","non publiée","non publié","non publié","non publié","non publié","non publié","allergènes/régime non publiés","diluer dans de l'eau ou du lait; température selon fabricant","non calculable avec les données publiques","faible","non publiée","bien-être fonctionnel / champignons","P2 — comparatif secondaire","faible à moyen","non publiée","aucun changement majeur identifié lors de la revérification","","","","","non"
"Organic Bless","Mushroom Coffee","États-Unis","poudre instantanée latte","Café aux champignons et MCT","2 — Cafés artificiellement enrichis","café instantané dans base coco","Lion's Mane; Reishi; Cordyceps; huile MCT; lait de coco","1 890 mg de champignons; 12 000 mg MCT; 30 tasses annoncées","31 mg","31,99 $ ponctuel; premier abonnement 10 $ puis 19,99 $/mois annoncé","non, marché US","programme public non identifié; info@organic-bless.com","https://www.organic-bless.com/","A","Formule latte riche en lipides, à distinguer d'un café noir.","2026-08-01","actif — page officielle observée","source officielle accessible et revérifiée","latte instantané","non publiée","30","non publié","31","31","faible (≤ 50 mg)","Lion's Mane; Reishi; Cordyceps","3","non publiée","non publiée","non publié","non publié","non publié","non publié","non publié","contient lait","diluer dans de l'eau ou du lait; température selon fabricant","non calculable avec les données publiques","partielle","non publiée","bien-être fonctionnel / champignons","P2 — comparatif secondaire","faible à moyen","non publiée","aucun changement majeur identifié lors de la revérification","","","","","non"
"Peak State Coffee","Variety Pack / Brain Sustain / Immunity Boost / Stress Less","États-Unis","grains entiers ou moulu","Café aux champignons infusé dans le grain","2 — Cafés artificiellement enrichis","cafés bio single-origin Éthiopie, Guatemala et Colombie","selon mélange: Lion's Mane; Cordyceps; Reishi; Chaga; Turkey Tail","500 mg d'extraits de corps fructifères par tasse; 22 tasses par sac","non publiée; varie selon torréfaction","79,95 $ / 3 x 12 oz; 63,96 $ abonnement","non, marché US","programme public non identifié","https://peakstatecoffee.com/products/variety-pack-functional-whole-bean-coffee","A","Processus d'infusion pendant torréfaction; rapports de laboratoires officiels disponibles.","2026-08-01","actif — page officielle observée","source officielle accessible et revérifiée","café à préparer (goût café)","Colombie","22","non publié","à confirmer","à confirmer","non documenté","Lion's Mane; Chaga; Reishi; Cordyceps; Turkey Tail","5","corps fructifère annoncé","incorporation/infusion au niveau du grain","non publié","non publié","non publié","non publié","non publié","allergènes/régime non publiés","moudre puis préparer comme un café classique","non calculable avec les données publiques","partielle","oui, annoncé; rapport à archiver","bien-être fonctionnel / champignons","P2 — comparatif secondaire","faible à moyen","non publiée","aucun changement majeur identifié lors de la revérification","","","","","non"
"VitaCup","Mushroom Focus Coffee","États-Unis","poudre instantanée, moulu ou capsules","Café champignons et vitamines","2 — Cafés artificiellement enrichis","Arabica réel","Lion's Mane; Chaga; vitamines D3 et B","selon pods: 500 mg Lion's Mane + 250 mg Chaga; 30 portions pour le sac instantané","80–100 mg instantané; environ 110 mg pods","29,95 $ instantané ou pods; 18,95 $ moulu","non, marché US","programme public non identifié","https://www.vitacup.com/products/mushroom-coffee-instant-bag","A","Grande gamme fonctionnelle comprenant aussi créatine, collagène, minceur, MCT, probiotiques et minéraux: marque stratégique à cartographier par SKU.","2026-08-01","actif — page officielle observée","source officielle accessible et revérifiée","café en capsule","non publiée","30","non publié","80","110","élevée (> 100 mg)","Lion's Mane; Chaga","2","non publiée","non publiée","non publié","non publié","non publié","non publié","non publié","allergènes/régime non publiés","machine compatible avec la capsule","non calculable avec les données publiques","élevée","non publiée","bien-être fonctionnel / champignons","P1 — référence structurante","faible à moyen","non publiée","aucun changement majeur identifié lors de la revérification","","","","","non"
"Om Mushroom Superfood","Mushroom Coffee Latte Blend","États-Unis","poudre latte","Café aux champignons","2 — Cafés artificiellement enrichis","café réel","mélange de champignons Om; autres ingrédients selon version","dose actuelle non extraite","116 mg selon page officielle historique","disponibilité et prix actuels à vérifier","non, marché US","programme public non identifié","https://ommushrooms.com/blogs/blog/mushroom-coffee-caffeine-m2","C","Source officielle datée 2021; existence commerciale actuelle du SKU à confirmer avant publication.","2026-08-01","SKU actuel non confirmé","source officielle partielle ou produit non finalisé","latte instantané","non publiée","non publié","non publié","116","116","élevée (> 100 mg)","mélange non détaillé","à confirmer","non publiée","non publiée","non publié","non publié","non publié","non publié","non publié","allergènes/régime non publiés","diluer dans de l'eau ou du lait; température selon fabricant","non calculable avec les données publiques","faible","non publiée","bien-être fonctionnel / champignons","P3 — veille / ne pas recommander encore","élevé","non publiée","Source officielle toujours historique (2021); SKU actuel non confirmé.","","","","","non"
"Xtreme Wellness x TRIBe","Organic Mushroom Coffee","États-Unis","poudre instantanée cacao-café","Café à cinq champignons","2 — Cafés artificiellement enrichis","café instantané bio","Lion's Mane; Cordyceps; Reishi; Turkey Tail; Chaga; cacao; sel rose","3 000 mg total; 600 mg de chaque champignon; 15 portions","55 mg","prix non extrait","non, marché US","programme public non identifié","https://xtreme-brands.com/products/tribe-organic-mushroom-coffee","A","Corps fructifères double extraction; dosages très transparents.","2026-08-01","actif — page officielle observée","source officielle accessible et revérifiée","café instantané","non publiée","15","non publié","55","55","modérée (51–100 mg)","Lion's Mane; Chaga; Reishi; Cordyceps; Turkey Tail","5","corps fructifère annoncé","double extraction annoncée","non publié","non publié","non publié","non publié","non publié","allergènes/régime non publiés","diluer dans de l'eau ou du lait; température selon fabricant","non calculable avec les données publiques","élevée","non publiée","bien-être fonctionnel / champignons","P2 — comparatif secondaire","faible à moyen","non publiée","aucun changement majeur identifié lors de la revérification","","","","","non"
"VAHDAM","Mushroom Coffee","Inde / États-Unis","poudre instantanée","Café aux champignons et adaptogènes","2 — Cafés artificiellement enrichis","Arabica instantané medium roast","KSM-66 Ashwagandha; curcuma; Chaga; Lion's Mane; poivre noir","mélange propriétaire 2,5 g; doses individuelles non publiées","75 mg","prix et disponibilité actuels non extraits","non, principalement marché US/Inde","programme public non identifié","https://www.vahdam.com/products/mushroom-coffee","B","Étiquette officielle repérée dans un dossier réglementaire FDA; page commerciale à vérifier.","2026-08-01","page officielle observée; vente à reconfirmer","accès automatisé limité; contrôle manuel recommandé","café instantané","non publiée","non publié","non publié","75","75","modérée (51–100 mg)","Lion's Mane; Chaga","2","non publiée","non publiée","non publié","non publié","non publié","non publié","non publié","allergènes/régime non publiés","diluer dans de l'eau ou du lait; température selon fabricant","non calculable avec les données publiques","partielle","document technique officiel disponible","bien-être fonctionnel / champignons","P2 — à compléter avant fiche longue","moyen","non publiée","aucun changement majeur identifié lors de la revérification","","","","","non"
"NUUBREW","The Hustle Blend","Royaume-Uni / Espagne / Irlande","poudre instantanée","Café tout-en-un: champignons, plantes et nootropiques","2 — Cafés artificiellement enrichis","Robusta réel","Lion's Mane; Chaga; Cordyceps; Reishi; L-théanine; Ashwagandha; Bacopa; Panax ginseng; Ginkgo","par 8 g: 1 000 mg Lion's Mane; 1 000 mg Chaga; 1 000 mg Cordyceps; 300 mg Reishi; 240 mg L-théanine; 400 mg Ashwagandha; 300 mg Bacopa; 250 mg ginseng; 250 mg Ginkgo","120 mg","29,95 £ / 30 portions; épuisé lors du relevé","expédition France à confirmer; vente UK, Irlande et Espagne affichée","contact@nuubrew.com; programme public non identifié","https://www.nuubrew.com/products/the-hustler-blend","A","Formule parmi les plus transparentes du marché; café 100 % Robusta et ingrédients annoncés bio.","2026-08-01","épuisé lors du relevé","source officielle accessible et revérifiée","café instantané","non publiée","30","non publié","120","120","élevée (> 100 mg)","Lion's Mane; Chaga; Reishi; Cordyceps","4","non publiée","non publiée","non publié","non publié","non publié","non publié","non publié","allergènes/régime non publiés","diluer dans de l'eau ou du lait; température selon fabricant","1.00 £ / portion","élevée","non publiée","focus / cognition","P3 — veille / ne pas recommander encore","faible à moyen","non publiée","Toujours indiqué épuisé lors de la revérification.","","","","","non"
"PULS","Original Latte","Royaume-Uni","sticks instantanés","Café protéiné, créatine et MCT","2 — Cafés artificiellement enrichis","café Arabica avec whey","whey; créatine monohydrate; MCT de noix de coco","10 g protéines; 5 g créatine; 5 g MCT par portion","100 mg","à partir de 1,19 £/portion; produit indiqué Coming Soon","non; pré-lancement UK","programme public non identifié","https://www.drinkpuls.com/","C","Concept stratégique rare associant café réel, protéines, créatine et MCT; ne pas présenter comme disponible tant que le lancement n'est pas confirmé.","2026-08-01","pré-lancement / accès anticipé","source officielle partielle ou produit non finalisé","café instantané","non publiée","non publié","non publié","100","100","modérée (51–100 mg)","non applicable","0","non applicable","non applicable","10 g","non publié","5 g","5 g","non publié","contient lait","diluer dans de l'eau ou du lait; température selon fabricant","1.19 £ / portion","élevée","non publiée","nutrition / apport protéique","P3 — veille / ne pas recommander encore","élevé","non publiée","Pré-lancement / Coming Soon toujours observé.","","","","","non"
"Eight","Batch 001","Inde","grains ou café moulu selon lancement","Café nootropique minimaliste","2 — Cafés artificiellement enrichis","Arabica et Robusta réels","L-théanine","ratio caféine/L-théanine annoncé comme étudié mais quantités non publiées","non publiée","réservation gratuite; prix de vente non publié","non; pré-lancement Inde","liste d'attente uniquement","https://idrinkeight.com/","C","Projet bêta annoncé pour 2026; suivre le lancement effectif et l'étiquette finale.","2026-08-01","pré-lancement / accès anticipé","source officielle partielle ou produit non finalisé","café à préparer (goût café)","non publiée","non publié","non publié","à confirmer","à confirmer","non documenté","non applicable","0","non applicable","non applicable","non publié","non publié","non publié","non publié","non publié","allergènes/régime non publiés","moudre puis préparer comme un café classique","non calculable avec les données publiques","faible","non publiée","focus / cognition","P3 — veille / ne pas recommander encore","élevé","non publiée","Projet bêta / pré-lancement, sans prix ni étiquette finale.","","","","","non"
"TruBrain","Coffee Kit","États-Unis","grains entiers + sticks nootropiques séparés","Café nootropique modulable","2 — Cafés artificiellement enrichis","café single-origin en grains","L-théanine; citicoline selon la fiche kit","doses non publiées","non publiée","69 $ kit; 35 $ café seul; 49 $ les 20 sticks","non, marché US","programme public non identifié","https://www.trubrain.com/products/coffee","B","Le site mentionne aussi Alpha-GPC dans un autre passage: actif cholinergique à confirmer avant publication.","2026-08-01","page officielle observée; vente à reconfirmer","source officielle accessible et revérifiée","café à préparer (goût café)","non publiée","20","non publié","à confirmer","à confirmer","non documenté","non applicable","0","non applicable","non applicable","non publié","non publié","non publié","non publié","non publié","allergènes/régime non publiés","moudre puis préparer comme un café classique","non calculable avec les données publiques","faible","non publiée","focus / cognition","P2 — à compléter avant fiche longue","moyen à élevé","non publiée","aucun changement majeur identifié lors de la revérification","","","","","non"
"Crushed Tonic","Coffee Collagen","États-Unis","sticks instantanés ou poche 30 boissons","Café au collagène","2 — Cafés artificiellement enrichis","Arabica colombien instantané single-origin","collagène bovin ou marin","5 g collagène par portion","50 mg sur la fiche principale; environ 55 mg dans un autre passage","25 $ achat ponctuel; remise abonnement 10 %","non, marché US","partnerships@crushedtonic.com","https://crushedtonic.com/products/coffeecollagen","A","Sans sucre; 28 sticks ou poche annoncée pour 30 boissons. Petite divergence de caféine à signaler.","2026-08-01","actif — page officielle observée","source officielle accessible et revérifiée","prêt à boire","Colombie","non publié","non publié","50","55","modérée (51–100 mg)","non applicable","0","non applicable","non applicable","non publié","5 g","non publié","non publié","sans sucre annoncé","non végétalien (bovin)","prêt à consommer","non calculable avec les données publiques","partielle","non publiée","beauté / collagène","P2 — comparatif secondaire","faible à moyen","non publiée","aucun changement majeur identifié lors de la revérification","","","","","non"
"Smart Owl Coffee","Cognition Blend","États-Unis","café moulu dark roast","Café nootropique","2 — Cafés artificiellement enrichis","café réel","L-théanine","7 000 mg par sac de 12 oz; environ 24 portions annoncées; dose exacte par portion non étiquetée","non publiée","19,49 $ / 12 oz","non, marché US","programme public non identifié","https://smartowlcoffee.com/collections/all-products/products/smart-owl-coffee-cognition-blend","B","Environ 292 mg par portion par simple division, mais cette valeur ne doit pas être attribuée au fabricant. Gammes Balance et Immune à cartographier séparément.","2026-08-01","page officielle observée; vente à reconfirmer","source officielle accessible et revérifiée","café à préparer (goût café)","non publiée","24","non publié","à confirmer","à confirmer","non documenté","non applicable","0","non applicable","non applicable","non publié","non publié","non publié","non publié","non publié","allergènes/régime non publiés","filtre, cafetière ou espresso selon mouture","non calculable avec les données publiques","partielle","non publiée","focus / cognition","P2 — à compléter avant fiche longue","moyen","non publiée","aucun changement majeur identifié lors de la revérification","","","","","non"
"Herbalife","High Protein Iced Coffee","International / Europe","poudre instantanée","Café protéiné","2 — Cafés artificiellement enrichis","café Robusta espresso","protéines de lactosérum","15 g protéines; portion 22 g; 14 portions par sachet","80 mg","prix variable selon pays et distributeur","oui, selon réseau de vente directe local","réseau de distributeurs Herbalife; affiliation éditoriale non identifiée","https://www.herbalife.com/assets/regional-reusable-assets/workflow/fusion/pdp/product-label-pdf/en-gb/pl-pdf-gb-012k.pdf","A","80 kcal et sans sucres ajoutés selon l'étiquette officielle; allergène lait.","2026-08-01","actif — page officielle observée","document officiel PDF accessible","café instantané","non publiée","14","non publié","80","80","modérée (51–100 mg)","non applicable","0","non applicable","non applicable","15 g","non publié","non publié","non publié","sans sucre annoncé","contient lait","diluer dans de l'eau ou du lait; température selon fabricant","non calculable avec les données publiques","élevée","document technique officiel disponible","nutrition / apport protéique","P1 — fiche prioritaire France","faible à moyen","non publiée","aucun changement majeur identifié lors de la revérification","","","","","non"
"Dr. Oetker","High Protein Coffee Drink Espresso Macchiato Style","Allemagne","boisson prête à boire 250 ml","Café protéiné prêt à boire","2 — Cafés artificiellement enrichis","extrait de café Arabica dans boisson lactée","protéines laitières","20 g protéines par bouteille","137 mg par bouteille","prix détaillant non extrait","Allemagne; disponibilité France à confirmer","programme public non identifié","https://www.oetker.de/produkte/p/high-protein-coffee-drink-espresso-macchiato-style","A","Sans sucres ajoutés et pauvre en matières grasses selon la fiche officielle; allergène lait.","2026-08-01","actif — page officielle observée","source officielle accessible et revérifiée","prêt à boire","non publiée","non publié","non publié","137","137","élevée (> 100 mg)","non applicable","0","non applicable","non applicable","20 g","non publié","non publié","non publié","sans sucre annoncé","contient lait","prêt à consommer","non calculable avec les données publiques","partielle","non publiée","nutrition / apport protéique","P2 — comparatif secondaire","faible à moyen","non publiée","aucun changement majeur identifié lors de la revérification","","","","","non"
"Kimera Koffee","Original Blend","États-Unis","café moulu medium roast 12 oz","Café nootropique","2 — Cafés artificiellement enrichis","café bio Pérou et Colombie 50/50","Alpha-GPC; L-théanine; taurine; DMAE","doses des nootropiques non publiées","variable selon préparation; fiche donne seulement des fourchettes génériques","24,95 $ achat ponctuel; 22,46 $ abonnement","expédition internationale non confirmée","logistics@kimerakoffee.com pour distribution; sponsoring sur contact","https://kimerakoffee.com/collections/coffee/products/kimera-koffee-12oz-ground","B","Marque active depuis 2013 selon sa fiche; véritable café enrichi, mais transparence quantitative insuffisante.","2026-08-01","page officielle observée; vente à reconfirmer","accès automatisé limité; contrôle manuel recommandé","café à préparer (goût café)","Colombie","non publié","non publié","à confirmer","à confirmer","non documenté","non applicable","0","non applicable","non applicable","non publié","non publié","non publié","non publié","non publié","allergènes/régime non publiés","filtre, cafetière ou espresso selon mouture","non calculable avec les données publiques","faible","non publiée","focus / cognition","P2 — à compléter avant fiche longue","moyen","non publiée","aucun changement majeur identifié lors de la revérification","","","","","non"
"NeuRoast","Classic Roast","États-Unis / Canada","café moulu medium-dark roast","Café à cinq champignons","2 — Cafés artificiellement enrichis","café colombien réel","Lion's Mane; Cordyceps; Chaga; Reishi; Turkey Tail; cannelle","dose des extraits non publiée; portion 2 cuillères à soupe","environ 100 mg / 8 oz","74,98 $ pour format foodservice 5 lb; format particulier à relever","non; États-Unis, Amazon US/Canada et détaillants indépendants","info@neuroast.com; programme public non identifié","https://www.neuroast.com/products/foodservice","A","Sans sucre et vegan selon la FAQ; mélange en poudre ajouté au café moulu.","2026-08-01","actif — page officielle observée","source officielle accessible et revérifiée","café à préparer (goût café)","Colombie","non publié","non publié","100","100","modérée (51–100 mg)","Lion's Mane; Chaga; Reishi; Cordyceps; Turkey Tail","5","non publiée","non publiée","non publié","non publié","non publié","non publié","sans sucre annoncé","vegan annoncé","filtre, cafetière ou espresso selon mouture","non calculable avec les données publiques","faible","non publiée","bien-être fonctionnel / champignons","P2 — comparatif secondaire","faible à moyen","non publiée","aucun changement majeur identifié lors de la revérification","","","","","non"
"CREOFFEE","Original","Australie","poudre instantanée","Café à la créatine","2 — Cafés artificiellement enrichis","café instantané","créatine monohydrate","5 g de créatine par portion; taille de portion non publiée","non publiée","moins de 1,40 AUD par portion annoncé","non, marché Australie","contact direct via site","https://creoffee.com/","A","Formule courte: café instantané et créatine monohydrate; sans sucre, agents de charge ni additifs annoncés.","2026-08-01","actif — page officielle observée","source officielle accessible et revérifiée","café instantané","non publiée","non publié","non publié","à confirmer","à confirmer","non documenté","non applicable","0","non applicable","non applicable","non publié","non publié","5 g","non publié","sans sucre ni additifs annoncés","allergènes/régime non publiés","diluer dans de l'eau ou du lait; température selon fabricant","< 1,40 AUD / portion","partielle","non publiée","performance / créatine","P2 — comparatif secondaire","faible à moyen","non publiée","aucun changement majeur identifié lors de la revérification","2026-08-01","nouvelle référence documentée","2026-08-01","aucun changement majeur identifié lors de la revérification","non"
"CreatineCoffeee","CreatineCoffee","États-Unis","poudre instantanée","Café à la créatine","2 — Cafés artificiellement enrichis","café colombien bio instantané medium roast","créatine monohydrate micronisée","12 g; 5 g de créatine; 30 ou 90 portions","non publiée","119 $ / 90 jours; 2,61 à 2,97 $ par café selon format","expédition internationale à confirmer","contact direct via site","https://creatine-coffee.com/products/creatinecoffee-the-coffee-upgrade-for-mind-muscle-90-day-supply","B","Formule détaillée mais allégations santé et longévité très fortes: forte prudence éditoriale.","2026-08-01","page officielle observée; vente à reconfirmer","source officielle accessible et revérifiée","café instantané","Colombie","30 ou 90","non publié","à confirmer","à confirmer","non documenté","non applicable","0","non applicable","non applicable","non publié","non publié","5 g","non publié","non publié","allergènes/régime non publiés","diluer dans de l'eau ou du lait; température selon fabricant","2,61–2,97 $ / portion","élevée","non publiée","performance / créatine","P2 — à compléter avant fiche longue","élevé","non publiée","aucun changement majeur identifié lors de la revérification","2026-08-01","nouvelle référence documentée","2026-08-01","aucun changement majeur identifié lors de la revérification","non"
"Day One Functional Coffees","Creatine Coffee K-Cup","États-Unis","capsules K-Cup","Café à la créatine","2 — Cafés artificiellement enrichis","café en capsule","créatine HCl","3 g de créatine HCl par capsule","non publiée","prix non publié","non; accès anticipé États-Unis","liste d'attente","https://dayonecoffees.com/","C","Pré-lancement; compatibilité Keurig annoncée; formule finale et disponibilité à confirmer.","2026-08-01","pré-lancement / accès anticipé","source officielle partielle ou produit non finalisé","café en capsule","non publiée","1 capsule = 1 portion","non publié","à confirmer","à confirmer","non documenté","non applicable","0","non applicable","non applicable","non publié","non publié","3 g","non publié","non publié","allergènes/régime non publiés","machine compatible avec la capsule","non calculable avec les données publiques","partielle","non publiée","performance / créatine","P3 — veille / ne pas recommander encore","élevé","non publiée","aucun changement majeur identifié lors de la revérification","2026-08-01","nouvelle référence documentée","2026-08-01","aucun changement majeur identifié lors de la revérification","non"
"Bulletproof","Coffee + Creatine","États-Unis","poudre instantanée","Café à la créatine","2 — Cafés artificiellement enrichis","café instantané medium roast","créatine monohydrate; 250 mg d'électrolytes","5 g de créatine; sachet 13,8 oz","non publiée","33,99 $","non, États-Unis; Target et boutique officielle","programme d'affiliation Bulletproof à rechercher","https://shop.bulletproof.com/products/creatine-coffee","A","Référence lancée en mars 2026; café Arabica instantané annoncé testé pour les toxines; indiquée en stock lors du relevé.","2026-08-01","actif — page officielle observée","source officielle accessible et revérifiée","café instantané","non publiée","non publié","13,8 oz","à confirmer","à confirmer","non documenté","non applicable","0","non applicable","non applicable","non publié","non publié","5 g","non publié","non publié","allergènes/régime non publiés","diluer dans de l'eau ou du lait; température selon fabricant","non calculable avec les données publiques","partielle","non publiée","performance / créatine","P1 — référence structurante","faible à moyen","https://www.prnewswire.com/news-releases/bulletproof-introduces-coffee--creatine-a-first-of-its-kind-functional-coffee-innovation-302696454.html","aucun changement majeur identifié lors de la revérification","2026-08-01","nouvelle référence documentée","2026-08-01","aucun changement majeur identifié lors de la revérification","non"
"Four Sigmatic","The Boys™ Creatine Coffee","États-Unis","café moulu","Café créatine et Lion's Mane","2 — Cafés artificiellement enrichis","Arabica du Honduras","créatine monohydrate; Lion's Mane","5 g de créatine; 13 portions par paquet; 26 portions pour 2 paquets","150 mg","40 $ / 26 portions; 28 $ première commande abonnement","non, offre limitée États-Unis","programme d'affiliation Four Sigmatic à rechercher","https://us.foursigmatic.com/products/prime-original-the-boys-creatine-coffee","A","Lion's Mane annoncé issu du corps fructifère; édition limitée 2026.","2026-08-01","actif — page officielle observée","source officielle accessible et revérifiée","café à préparer (goût café)","Honduras","26","non publié","150","150","élevée (> 100 mg)","Lion's Mane","1","corps fructifère annoncé","non publiée","non publié","non publié","5 g","non publié","non publié","allergènes/régime non publiés","filtre, cafetière ou espresso selon mouture","1,53 $ / portion","élevée","non publiée","performance / créatine","P1 — référence structurante","faible à moyen","non publiée","aucun changement majeur identifié lors de la revérification","2026-08-01","nouvelle référence documentée","2026-08-01","aucun changement majeur identifié lors de la revérification","non"
"VitaCup","Creatine Coffee","États-Unis","poudre instantanée","Café créatine et vitamines","2 — Cafés artificiellement enrichis","café instantané","créatine monohydrate; vitamines fonctionnelles","5 g de créatine par portion","non publiée","prix non extrait","non; lancement Sprouts États-Unis en avril 2026","programme d'affiliation VitaCup à rechercher","https://www.vitacup.com/products/creatine-coffee-instant-pouch","B","Produit officiellement annoncé en 2026; page commerciale inaccessible à l'outil lors du relevé.","2026-08-01","page officielle observée; vente à reconfirmer","source officielle accessible et revérifiée","café instantané","non publiée","non publié","non publié","à confirmer","à confirmer","non documenté","non applicable","0","non applicable","non applicable","non publié","non publié","5 g","non publié","non publié","allergènes/régime non publiés","diluer dans de l'eau ou du lait; température selon fabricant","non calculable avec les données publiques","partielle","non publiée","performance / créatine","P1 — référence structurante","moyen","https://www.prnewswire.com/news-releases/vitacup-launches-first-of-its-kind-creatine-coffee-stick-packs-at-sprouts-farmers-market-in-stores-now-302732090.html","aucun changement majeur identifié lors de la revérification","2026-08-01","nouvelle référence documentée","2026-08-01","aucun changement majeur identifié lors de la revérification","non"
"MARESHI","DRIVE","Royaume-Uni","poudre instantanée","Café créatine, collagène et champignons","2 — Cafés artificiellement enrichis","café Robusta de spécialité instantané","créatine monohydrate; collagène bovin; Lion's Mane","5 g créatine; 5 g collagène; 500 mg Lion's Mane","non publiée","prix non extrait","expédition France à confirmer","contact direct via site","https://www.mareshi.co.uk/","A","Préparation annoncée avec 250 ml d'eau chaude; formule sportive tout-en-un.","2026-08-01","actif — page officielle observée","source officielle accessible et revérifiée","café instantané","non publiée","non publié","non publié","à confirmer","à confirmer","non documenté","Lion's Mane","1","non publiée","non publiée","non publié","5 g","5 g","non publié","non publié","non végétalien (bovin)","diluer dans 250 ml d'eau chaude","non calculable avec les données publiques","élevée","non publiée","beauté / collagène","P2 — comparatif secondaire","faible à moyen","non publiée","aucun changement majeur identifié lors de la revérification","2026-08-01","nouvelle référence documentée","2026-08-01","aucun changement majeur identifié lors de la revérification","non"
"Urth&Root","Creatine Coffee","International / États-Unis","café moulu ou poudre selon page","Café à la créatine","2 — Cafés artificiellement enrichis","Arabica vietnamien annoncé","créatine tamponnée CreHytine / autres technologies citées","3 g de créatine annoncés","non publiée","prix non extrait","France présente dans le sélecteur pays; livraison à confirmer","contact direct via site","https://urthandroot.com/","C","Page incohérente sur la technologie de créatine et l'identité produit; ne pas recommander sans clarification fabricant.","2026-08-01","page officielle observée; vente à reconfirmer","source officielle partielle ou produit non finalisé","café à préparer (goût café)","Vietnam","non publié","non publié","à confirmer","à confirmer","non documenté","non applicable","0","non applicable","non applicable","non publié","non publié","3 g","non publié","non publié","allergènes/régime non publiés","filtre, cafetière ou espresso selon mouture","non calculable avec les données publiques","partielle","non publiée","performance / créatine","P3 — veille / ne pas recommander encore","élevé","non publiée","aucun changement majeur identifié lors de la revérification","2026-08-01","nouvelle référence documentée","2026-08-01","aucun changement majeur identifié lors de la revérification","non"
"Smart Coffee EU","Functional Coffee","Union européenne","poudre instantanée","Café collagène tout-en-un","2 — Cafés artificiellement enrichis","café instantané","collagène Peptan; MCT C8/C10; magnésium; vitamines B; L-théanine; L-carnitine; taurine; gingembre; chrome; adaptogènes","3,5 g de collagène; 25 portions; plus de 17 ingrédients","environ 80 mg","environ 1,50 à 1,52 € par portion","oui, boutique UE","contact direct via site","https://smartcoffeeeu.com/","A","Sans lactose ni gluten, compatible keto et édulcoré à la stévia; tests par lots annoncés.","2026-08-01","actif — page officielle observée","source officielle accessible et revérifiée","café instantané","non publiée","25","non publié","80","80","modérée (51–100 mg)","non applicable","0","non applicable","non applicable","non publié","3,5 g","non publié","non publié","stévia","sans lactose; sans gluten; keto annoncés","diluer dans de l'eau ou du lait; température selon fabricant","1,50–1,52 € / portion","partielle","tests tiers par lot annoncés; rapport à archiver","beauté / collagène","P1 — fiche prioritaire France","faible à moyen","non publiée","aucun changement majeur identifié lors de la revérification","2026-08-01","nouvelle référence documentée","2026-08-01","aucun changement majeur identifié lors de la revérification","non"
"Bulk","Whey Protein Coffee","France / Europe","poudre instantanée","Café protéiné","2 — Cafés artificiellement enrichis","café instantané brésilien et whey","whey concentrée; lait écrémé","17 g de protéines par portion; formats 500 g et 1 kg","non publiée","29,99 € prix régulier observé; prix France à actualiser","oui, boutique France","programme d'affiliation Bulk à rechercher","https://www.bulk.com/fr/products/cafe-proteine-whey/bpb-pico","A","Contient lait, sucralose, lécithine de tournesol, gomme guar et xanthane.","2026-08-01","actif — page officielle observée","source officielle accessible et revérifiée","café instantané","Brésil","non publié","500 g ou 1 kg","à confirmer","à confirmer","non documenté","non applicable","0","non applicable","non applicable","17 g","non publié","non publié","non publié","sucralose","contient lait","diluer dans de l'eau ou du lait; température selon fabricant","non calculable avec les données publiques","partielle","non publiée","nutrition / apport protéique","P1 — fiche prioritaire France","faible à moyen","non publiée","aucun changement majeur identifié lors de la revérification","2026-08-01","nouvelle référence documentée","2026-08-01","aucun changement majeur identifié lors de la revérification","non"
"Clearly","Protein Iced Coffee","Pays-Bas / Europe","poudre pour café glacé","Café protéiné","2 — Cafés artificiellement enrichis","Arabica colombien et whey néo-zélandaise","whey de vaches nourries à l'herbe","dose de protéines non extraite","non publiée","prix non extrait","oui, livraison 2–4 jours annoncée","programme public non identifié","https://clearly.fr/products/protein-coffee","B","Véritable base café; fiche nutritionnelle complète à relever avant comparaison chiffrée.","2026-08-01","page officielle observée; vente à reconfirmer","source officielle accessible et revérifiée","à confirmer","Colombie","non publié","non publié","à confirmer","à confirmer","non documenté","non applicable","0","non applicable","non applicable","non publié","non publié","non publié","non publié","non publié","contient lait","diluer dans de l'eau ou du lait; température selon fabricant","non calculable avec les données publiques","faible","non publiée","nutrition / apport protéique","P1 — fiche prioritaire France","moyen","non publiée","aucun changement majeur identifié lors de la revérification","2026-08-01","nouvelle référence documentée","2026-08-01","aucun changement majeur identifié lors de la revérification","non"
"ProtéAlpes","Whey Café sans sucres ajoutés","France","poudre protéinée goût café","Café protéiné","2 — Cafés artificiellement enrichis","whey isolate et café instantané décaféiné","whey isolate 92 %; café instantané décaféiné 6 %; farine de coco","portion et protéines par portion à relever sur l'étiquette","non publiée; café décaféiné","prix non extrait","oui","contact direct via site","https://protealpes.com/produit/whey-cafe-sans-sucres-ajoutes/","B","Fabriqué en France; contient du lait; sans sucres ajoutés.","2026-08-01","page officielle observée; vente à reconfirmer","source officielle accessible et revérifiée","à confirmer","non publiée","non publié","non publié","à confirmer","à confirmer","non documenté","non applicable","0","non applicable","non applicable","non publié","non publié","non publié","non publié","sans sucres ajoutés annoncé","contient lait","diluer dans de l'eau ou du lait; température selon fabricant","non calculable avec les données publiques","faible","non publiée","nutrition / apport protéique","P1 — fiche prioritaire France","moyen","non publiée","aucun changement majeur identifié lors de la revérification","2026-08-01","nouvelle référence documentée","2026-08-01","aucun changement majeur identifié lors de la revérification","non"
"Collagen Coffee","Original Collagen Coffee","États-Unis / international","poudre instantanée","Café au collagène","2 — Cafés artificiellement enrichis","café instantané","peptides de collagène hydrolysés","dose non publiée; six saveurs annoncées","non publiée","prix non extrait","expédition internationale à confirmer","contact direct via site","https://collagencoffee.com/","B","Page officielle active mais détails nutritionnels insuffisants pour une comparaison ferme.","2026-08-01","page officielle observée; vente à reconfirmer","source officielle accessible et revérifiée","café instantané","non publiée","non publié","non publié","à confirmer","à confirmer","non documenté","non applicable","0","non applicable","non applicable","non publié","non publié","non publié","non publié","non publié","allergènes/régime non publiés","diluer dans de l'eau ou du lait; température selon fabricant","non calculable avec les données publiques","faible","non publiée","beauté / collagène","P2 — à compléter avant fiche longue","moyen","non publiée","aucun changement majeur identifié lors de la revérification","2026-08-01","nouvelle référence documentée","2026-08-01","aucun changement majeur identifié lors de la revérification","non"
"Zenergy Mushrooms","Mushroom Coffee","Europe","café à préparer, format à confirmer","Café multi-champignons","2 — Cafés artificiellement enrichis","café réel","champignons fonctionnels double extraits","1 g de chaque champignon par portion annoncé; liste exacte à confirmer","non publiée","prix non extrait","expédition UE à confirmer","contact direct via site","https://zenergymushrooms.com/","B","Corps fructifères, culture sur bois, bio UE et au moins 10 % de bêta-glucanes annoncés.","2026-08-01","page officielle observée; vente à reconfirmer","source officielle accessible et revérifiée","à confirmer","non publiée","non publié","non publié","à confirmer","à confirmer","non documenté","mélange non détaillé","à confirmer","corps fructifère annoncé","double extraction annoncée","non publié","non publié","non publié","non publié","non publié","allergènes/régime non publiés","à confirmer","non calculable avec les données publiques","partielle","standardisation ≥ 10 % bêta-glucanes annoncée; rapport à archiver","bien-être fonctionnel / champignons","P2 — à compléter avant fiche longue","moyen","non publiée","aucun changement majeur identifié lors de la revérification","2026-08-01","nouvelle référence documentée","2026-08-01","aucun changement majeur identifié lors de la revérification","non"
"Lyfe Mushrooms","Mushroom Coffee","États-Unis","café moulu et capsules K-Cup","Café à sept champignons","2 — Cafés artificiellement enrichis","Arabica single-origin","sept extraits de corps fructifères cultivés aux États-Unis","doses non publiées","non publiée","prix non extrait","non, marché États-Unis","contact direct via site","https://lyfemushrooms.com/","B","Rapport de laboratoire par lot 2026.05 mentionné; liste et doses à archiver.","2026-08-01","page officielle observée; vente à reconfirmer","source officielle accessible et revérifiée","café en capsule","non publiée","non publié","non publié","à confirmer","à confirmer","non documenté","mélange non détaillé","7","corps fructifère annoncé","non publiée","non publié","non publié","non publié","non publié","non publié","allergènes/régime non publiés","machine compatible avec la capsule","non calculable avec les données publiques","faible","rapport de laboratoire par lot annoncé; à archiver","bien-être fonctionnel / champignons","P2 — à compléter avant fiche longue","moyen","non publiée","aucun changement majeur identifié lors de la revérification","2026-08-01","nouvelle référence documentée","2026-08-01","aucun changement majeur identifié lors de la revérification","non"
"Setacor","Café funcional con hongos medicinales","Espagne","café, format à confirmer","Café multi-champignons","2 — Cafés artificiellement enrichis","café réel","Shiitake; Lion's Mane; Cordyceps","non publiée","non publiée","prix non extrait","expédition UE à confirmer","contact direct via site","https://www.setacor.com/producto/cafe-funcional-con-hongos-medicinales/","B","Produit bio espagnol; informations quantitatives à obtenir.","2026-08-01","page officielle observée; vente à reconfirmer","source officielle accessible et revérifiée","à confirmer","non publiée","non publié","non publié","à confirmer","à confirmer","non documenté","Lion's Mane; Cordyceps; Shiitake","3","non publiée","non publiée","non publié","non publié","non publié","non publié","non publié","allergènes/régime non publiés","à confirmer","non calculable avec les données publiques","faible","non publiée","bien-être fonctionnel / champignons","P2 — à compléter avant fiche longue","moyen","non publiée","aucun changement majeur identifié lors de la revérification","2026-08-01","nouvelle référence documentée","2026-08-01","aucun changement majeur identifié lors de la revérification","non"
"MORLI","PERFORM+","Royaume-Uni","poudre instantanée","Café tout-en-un","2 — Cafés artificiellement enrichis","Arabica","Lion's Mane; Cordyceps; Reishi; moringa; collagène; L-théanine","non publiée","non publiée","prix non extrait","expédition France à confirmer","contact direct via site","https://morli.co/products/perform","B","Formule très large; dosage et origine du collagène à documenter.","2026-08-01","page officielle observée; vente à reconfirmer","source officielle accessible et revérifiée","café instantané","non publiée","non publié","non publié","à confirmer","à confirmer","non documenté","Lion's Mane; Reishi; Cordyceps","3","non publiée","non publiée","non publié","non publié","non publié","non publié","non publié","allergènes/régime non publiés","diluer dans de l'eau ou du lait; température selon fabricant","non calculable avec les données publiques","faible","non publiée","énergie / usage quotidien","P2 — à compléter avant fiche longue","moyen","non publiée","aucun changement majeur identifié lors de la revérification","2026-08-01","nouvelle référence documentée","2026-08-01","aucun changement majeur identifié lors de la revérification","non"
"Rise & Shine","Mushroom Coffee","États-Unis","poudre instantanée","Café collagène, champignons et nootropiques","2 — Cafés artificiellement enrichis","café instantané","Chaga; Lion's Mane; L-théanine; Rhodiola; ginseng; extrait de grain de café; collagène bovin","2 639 mg de mélange champignons/nootropiques; dose collagène non publiée","non publiée","prix non extrait","non, marché États-Unis","contact direct via site","https://www.drinkriseandshine.com/products/rise-and-shine-mushroom-coffee","A","Champignons bio annoncés issus du corps fructifère; mélange propriétaire.","2026-08-01","actif — page officielle observée","source officielle accessible et revérifiée","café instantané","non publiée","non publié","non publié","à confirmer","à confirmer","non documenté","Lion's Mane; Chaga","2","corps fructifère annoncé","extrait; méthode non détaillée","non publié","dose non publiée","non publié","non publié","non publié","non végétalien (bovin)","diluer dans de l'eau ou du lait; température selon fabricant","non calculable avec les données publiques","partielle","non publiée","beauté / collagène","P2 — comparatif secondaire","moyen à élevé","non publiée","aucun changement majeur identifié lors de la revérification","2026-08-01","nouvelle référence documentée","2026-08-01","aucun changement majeur identifié lors de la revérification","non"
"Bioflow","Deep Focus Coffee","Union européenne","café instantané ou moulu à confirmer","Café Lion's Mane et L-théanine","2 — Cafés artificiellement enrichis","Arabica bio","Lion's Mane; L-théanine","non publiée","non publiée","prix non extrait","oui, page UE","contact direct via site","https://trybioflow.com/en-eu/pages/dfb1-coffee","B","Formule simple mais valeurs quantitatives non extraites.","2026-08-01","page officielle observée; vente à reconfirmer","source officielle accessible et revérifiée","café à préparer (goût café)","non publiée","non publié","non publié","à confirmer","à confirmer","non documenté","Lion's Mane","1","non publiée","extrait; méthode non détaillée","non publié","non publié","non publié","non publié","non publié","allergènes/régime non publiés","filtre, cafetière ou espresso selon mouture","non calculable avec les données publiques","faible","non publiée","focus / cognition","P2 — à compléter avant fiche longue","moyen","non publiée","aucun changement majeur identifié lors de la revérification","2026-08-01","nouvelle référence documentée","2026-08-01","aucun changement majeur identifié lors de la revérification","non"
"ACTIVZ","Everyday Coffee","États-Unis","poudre instantanée","Café collagène et beauté","2 — Cafés artificiellement enrichis","café instantané","collagène; Tremella; acide hyaluronique; Chaga; vitamine C; polyphénols du café","non publiée","non publiée","prix non extrait","expédition internationale à confirmer","contact direct via site","https://www.activz.com/products/coffee","B","Positionnement peau/beauté; origine du collagène et doses à obtenir.","2026-08-01","page officielle observée; vente à reconfirmer","source officielle accessible et revérifiée","café instantané","non publiée","non publié","non publié","à confirmer","à confirmer","non documenté","Chaga; Tremella","2","non publiée","non publiée","non publié","non publié","non publié","non publié","non publié","allergènes/régime non publiés","diluer dans de l'eau ou du lait; température selon fabricant","non calculable avec les données publiques","faible","non publiée","beauté / collagène","P2 — à compléter avant fiche longue","moyen","non publiée","aucun changement majeur identifié lors de la revérification","2026-08-01","nouvelle référence documentée","2026-08-01","aucun changement majeur identifié lors de la revérification","non"
"eGano","Ganoderma Coffee","International","poudre instantanée","Café au Ganoderma historique","2 — Cafés artificiellement enrichis","café Robusta","Ganoderma lucidum","non publiée","non publiée","prix variable via réseau","distribution internationale à confirmer","réseau de distributeurs eGano","https://www.eganoworldwide.com/","B","Gamme instantanée black et aromatisée; transparence quantitative limitée.","2026-08-01","page officielle observée; vente à reconfirmer","source officielle accessible et revérifiée","café instantané","non publiée","non publié","non publié","à confirmer","à confirmer","non documenté","Reishi","1","non publiée","non publiée","non publié","non publié","non publié","non publié","non publié","allergènes/régime non publiés","diluer dans de l'eau ou du lait; température selon fabricant","non calculable avec les données publiques","faible","non publiée","bien-être fonctionnel / champignons","P2 — à compléter avant fiche longue","moyen","non publiée","aucun changement majeur identifié lors de la revérification","2026-08-01","nouvelle référence documentée","2026-08-01","aucun changement majeur identifié lors de la revérification","non"
"King Coffee","Cappuccino Collagen","Vietnam / international","sachets instantanés","Café au collagène","2 — Cafés artificiellement enrichis","café instantané cappuccino","collagène","dose non extraite du portfolio","non publiée","prix variable selon distributeur","distribution internationale; France à confirmer","contact export King Coffee","https://en.vietnordic.com/wp-content/uploads/2025/02/KING-COFFEE-products-portfolio_International_Oct.2024_EN.pdf","B","Référence présente au portfolio international 2024/2025; étiquette locale à obtenir.","2026-08-01","page officielle observée; vente à reconfirmer","document officiel PDF accessible","café instantané","non publiée","non publié","non publié","à confirmer","à confirmer","non documenté","non applicable","0","non applicable","non applicable","non publié","non publié","non publié","non publié","non publié","allergènes/régime non publiés","diluer dans de l'eau ou du lait; température selon fabricant","non calculable avec les données publiques","faible","non publiée","beauté / collagène","P2 — à compléter avant fiche longue","moyen","non publiée","aucun changement majeur identifié lors de la revérification","2026-08-01","nouvelle référence documentée","2026-08-01","aucun changement majeur identifié lors de la revérification","non"
"Nature's Finest","Collagen Coffee","Slovénie / Europe","poudre instantanée","Café au collagène","2 — Cafés artificiellement enrichis","café Arabica instantané (20 %)","collagène (50 %); acide hyaluronique; vitamine C; biotine; MSM","5 g; 25 portions; conditionnement 125 g","non publiée","prix non extrait","expédition UE à confirmer","contact direct via site","https://www.naturesfinest.fr/produit/collagene-cafe-boisson/","A","Sans sucres ajoutés annoncé; la fiche technique détaille aussi tapioca et cellulose.","2026-08-01","actif — page officielle observée","source officielle accessible et revérifiée","café instantané","non publiée","25","125 g","à confirmer","à confirmer","non documenté","non applicable","0","non applicable","non applicable","non publié","2,5 g calculés à partir de 50 % de collagène dans une portion de 5 g","non publié","non publié","sans sucres ajoutés annoncé","allergènes/régime non publiés","diluer 5 g dans 200 ml d'eau tiède","non calculable avec les données publiques","élevée","non publiée","beauté / collagène","P2 — comparatif secondaire","faible à moyen","https://www.naturesfinest.si/wp-content/uploads/2024/08/5638-Collagen-Coffee-doc.pdf","aucun changement majeur identifié lors de la revérification","2026-08-01","nouvelle référence documentée","2026-08-01","aucun changement majeur identifié lors de la revérification","non"
"Brain and Brawn","Synergy Collagen Coffee","Australie","20 sachets instantanés","Café collagène, Cordyceps et MCT","2 — Cafés artificiellement enrichis","Arabica et crème fonctionnelle","collagène bovin; Cordyceps militaris bio; MCT C8/C10; fibres prébiotiques","15 g; 20 sachets; 300 g","non publiée","69,95 AUD / 20 sachets","non, marché Australie","contact direct via site","https://www.brainandbrawn.com.au/products/synergy-collagen-coffee-with-organic-cordyceps-mct-c8-c10-20-x-15g-sachet","A","Contient lait/beurre et collagène bovin; sans édulcorant annoncé.","2026-08-01","actif — page officielle observée","source officielle accessible et revérifiée","latte instantané","non publiée","20","300 g","à confirmer","à confirmer","non documenté","Cordyceps","1","non publiée","non publiée","non publié","dose non publiée","non publié","dose non publiée","sans édulcorant annoncé","contient lait; non végétalien (bovin)","diluer dans de l'eau ou du lait; température selon fabricant","3,50 AUD / portion","partielle","non publiée","beauté / collagène","P2 — comparatif secondaire","faible à moyen","non publiée","aucun changement majeur identifié lors de la revérification","2026-08-01","nouvelle référence documentée","2026-08-01","aucun changement majeur identifié lors de la revérification","non"
"Brewy","Organic Mushroom Coffee","Australie","poudre instantanée 120 g","Café à six champignons et MCT","2 — Cafés artificiellement enrichis","café instantané bio","Reishi; Lion's Mane; Turkey Tail; Shiitake; King Trumpet; Cordyceps; MCT","doses non publiées; sachet 120 g","non publiée; annoncée légèrement inférieure au café classique","prix non extrait","non, marché Australie","contact direct via site","https://brewy.com.au/products/organic-mushroom-coffee","B","Liste d'ingrédients publiée mais doses et nature des extraits à préciser.","2026-08-01","page officielle observée; vente à reconfirmer","source officielle accessible et revérifiée","café instantané","non publiée","non publié","0 g","à confirmer","à confirmer","non documenté","Lion's Mane; Reishi; Cordyceps; Turkey Tail; Shiitake; King Trumpet","6","non publiée","extrait; méthode non détaillée","non publié","non publié","non publié","non publié","non publié","allergènes/régime non publiés","diluer dans de l'eau ou du lait; température selon fabricant","non calculable avec les données publiques","partielle","non publiée","bien-être fonctionnel / champignons","P2 — à compléter avant fiche longue","moyen","non publiée","aucun changement majeur identifié lors de la revérification","2026-08-01","nouvelle référence documentée","2026-08-01","aucun changement majeur identifié lors de la revérification","non"
"RYTUAL","Café à base de hongos","Argentine","poudre instantanée","Café aux champignons","2 — Cafés artificiellement enrichis","Arabica","champignons adaptogènes, liste exacte à confirmer","non publiée","annoncée faible; valeur non publiée","prix en ARS à actualiser","non, marché Argentine","contact direct via site","https://rytualcafe.shop/products/rytual%C2%AE-cafe-a-base-de-hongos","C","Marque active mais documentation quantitative limitée.","2026-08-01","page officielle observée; vente à reconfirmer","source officielle partielle ou produit non finalisé","café instantané","non publiée","non publié","non publié","à confirmer","à confirmer","non documenté","mélange non détaillé","à confirmer","non publiée","non publiée","non publié","non publié","non publié","non publié","non publié","allergènes/régime non publiés","diluer dans de l'eau ou du lait; température selon fabricant","non calculable avec les données publiques","faible","non publiée","bien-être fonctionnel / champignons","P3 — veille / ne pas recommander encore","moyen à élevé","non publiée","aucun changement majeur identifié lors de la revérification","2026-08-01","nouvelle référence documentée","2026-08-01","aucun changement majeur identifié lors de la revérification","non"
"Physalis","Collagen Coffee","Belgique / Europe","12 sachets instantanés","Café collagène et MCT","2 — Cafés artificiellement enrichis","café Arabica instantané","collagène marin Naticol type I; MCT de coco","1 sachet; 5 g de collagène; 12 portions","non publiée","prix non extrait","oui, page officielle France","contact KeyPharm / Physalis","https://www.physalishealth.com/fr/complements-alimentaires/cheveux-peau-ongles-yeux/collagen-coffee/","A","Formule: 50 % collagène marin, 27,5 % poudre MCT, 22,5 % café; sans sucres ajoutés, gluten ni lait annoncés.","2026-08-01","actif — page officielle observée","source officielle accessible et revérifiée","café instantané","non publiée","12","non publié","à confirmer","à confirmer","non documenté","non applicable","0","non applicable","non applicable","non publié","5 g","non publié","non publié","sans sucres ajoutés annoncé","contient poisson; sans gluten et sans lait annoncés","diluer 1 sachet dans 150 ml d'eau chaude ou froide","non calculable avec les données publiques","partielle","non publiée","beauté / collagène","P1 — fiche prioritaire France","faible à moyen","https://www.physalishealth.com/en/blog/how-to-make-a-physalis-collagen-coffee/","aucun changement majeur identifié lors de la revérification","2026-08-01","nouvelle référence documentée","2026-08-01","aucun changement majeur identifié lors de la revérification","non"
"Sunday Natural","Café Protéiné Cannelle","France / Europe","poudre instantanée 1 kg","Café protéiné végétal","2 — Cafés artificiellement enrichis","café soluble Robusta et protéines végétales","protéines de fève, pois et tournesol; cannelle","30 g; environ 33 portions","87 mg","28,90 € / 1 kg","oui, vente directe en France","contact direct via site","https://www.sunday.fr/protein-coffee-cannelle.html","A","Fiche très détaillée; 23 g de protéines végétales et 122 kcal par portion. Produit à teneur élevée en caféine.","2026-09-08","actif — page produit et prix observés","source officielle accessible et détaillée","café protéiné chaud ou froid","Robusta; origine non publiée","environ 33","1 kg","87","87","modérée (51–100 mg)","non applicable","0","non applicable","non applicable","23 g","","non publié","non publié","stévia; moins de 0,5 g de sucres par portion","vegan; sans gluten, lactose, soja ni OGM annoncés","30 g dans 200 à 300 ml d’eau ou boisson végétale; chaud sous 60 °C ou froid","environ 0,87 € / portion","élevée","contrôles indépendants et Cologne List annoncés; rapports à archiver","nutrition / apport protéique","P1 — nouveauté France","faible à moyen","non publiée","Nouvelle référence documentée le 8 septembre 2026.","2026-09-08","nouvelle référence documentée","2026-09-08","Une formule française très documentée avec 23 g de protéines végétales et 87 mg de caféine par dose.","oui"
"Sunday Natural","Noble Strong Mushroom Coffee","France / Europe","poudre instantanée 80 g","Café vert aux champignons","2 — Cafés artificiellement enrichis","café vert moulu et extrait de café vert","sept champignons; noix de cajou; fibre de guar","5 g; 16 portions","120 mg","10,90 € / 80 g","oui, vente directe en France","contact direct via site","https://www.sunday.fr/mushroom-coffee-noble-strong.html","A","Dosage de chaque champignon publié. Caféine élevée. La page contient une mention contradictoire 'sans caféine' malgré 120 mg affichés; la valeur quantitative est retenue.","2026-09-08","actif — page produit et prix observés","source officielle accessible et détaillée","alternative instantanée au café","Arabica du Pérou annoncé","16","80 g","120","120","élevée (> 100 mg)","Oreille de Judas; Shiitake; Lion's Mane; Reishi; Cordyceps; Tremella; Chaga","7","mixte: corps fructifères, mycélium pour Cordyceps, extrait pour Chaga","poudres et extrait de Chaga; café vert extrait à l’eau","0,86 g calculé par portion","","non publié","non publié","sans sucres ajoutés ni édulcorants annoncés","contient noix de cajou et sulfites; vegan; sans lactose ni soja annoncés","5 g dans environ 200 ml d’eau ou boisson végétale","environ 0,68 € / portion","élevée","tests indépendants annoncés et documents consultables sur la fiche","énergie / champignons","P1 — nouveauté France","moyen","non publiée","Nouvelle référence documentée le 8 septembre 2026.","2026-09-08","nouvelle référence documentée","2026-09-08","Une formule à sept champignons avec tous les dosages publiés, mais 120 mg de caféine par dose.","oui"
"Myco Zen","Boisson Adaptogène Saveur Café","France","poudre instantanée","Café aux champignons","2 — Cafés artificiellement enrichis","extraits de café Arabica","Lion's Mane; Chaga; Cordyceps","3 g; 30 portions","annoncée environ 50 % inférieure à un café classique; valeur non publiée","39 € / 30 portions","oui","contact direct via site","https://www.cafe-champignon-adaptogene.fr/produit/boisson-adaptogene-saveur-cafe/","B","Double extraction et minimum 30 % de bêta-glucanes annoncés. Les doses individuelles et la caféine en mg ne sont pas publiées.","2026-09-08","actif — page produit et prix observés","source officielle accessible; données quantitatives partielles","café instantané","non publiée","30","environ 90 g calculés","à confirmer","à confirmer","non documenté","Lion's Mane; Chaga; Cordyceps; bêta-glucanes ≥ 30 % annoncés","3","corps fructifère privilégié selon la marque; à confirmer pour ce produit","double extraction eau et alcool annoncée","non publié","","non publié","non publié","sans sucres ajoutés annoncé","vegan et sans gluten annoncés","3 g dans 150 à 200 ml d’eau à 85–90 °C","1,30 € / portion","partielle","analyses annoncées; rapports non retrouvés sur la fiche","énergie / champignons","P1 — nouveauté France","moyen à élevé","non publiée","Nouvelle référence documentée le 8 septembre 2026.","2026-09-08","nouvelle référence documentée","2026-09-08","Nouvel entrant français identifiable, mais dosage des champignons et caféine exacte non publiés.","oui"
"Arsène","Arsène Classique","France","moulu 250 g","Alternative torréfiée au café","3 — Pas vraiment du café, mais quand même","lupin, pois chiche et chicorée torréfiés","fibres et composés naturellement présents","environ 10 à 12 g selon méthode","0 mg annoncé","prix selon variante; environ 0,32 € par tasse annoncé","oui","contact direct via site","https://arseneboissons.fr/","A","Alternative française préparée comme du café moulu. Vérifier l’allergène lupin; la variante Noisette contient aussi un allergène fruit à coque.","2026-09-08","actif — gamme et vente observées","source officielle accessible","alternative à préparer comme un café moulu","sans café; ingrédients cultivés en France annoncés","variable selon méthode","250 g","0","0","sans caféine","non applicable","0","non applicable","non applicable","non publié dans la tasse","","non publié","non publié","sans sucres ni édulcorants ajoutés annoncés","contient lupin; recette classique sans gluten annoncée","filtre, piston, italienne ou espresso selon la mouture","environ 0,32 € / portion annoncé","partielle","non publiée","alternative locale sans caféine","P1 — alternative France","faible à moyen","non publiée","Nouvelle référence documentée le 8 septembre 2026.","2026-09-08","nouvelle référence documentée","2026-09-08","Une alternative française à base de lupin, pois chiche et chicorée, préparée comme du café moulu.","oui"
"Lupi Coffee","Café de lupin bio","France / Europe","grains ou moulu","Alternative torréfiée au café","3 — Pas vraiment du café, mais quand même","lupin doux torréfié","micronutriments naturellement présents","environ deux tiers du volume habituel de café selon la marque","0 mg annoncé","19 € le coffret 3 × 200 g; 25 € la recharge 1 kg","oui","salut@lupicoffee.com","https://www.lupicoffee.com/","A","Un seul ingrédient. Lupin cultivé en France et en Allemagne, puis torréfié. Les valeurs nutritionnelles publiées concernent 100 ml préparés.","2026-09-08","actif — gamme et vente observées","source officielle accessible","alternative à préparer comme un café","sans café; lupin France et Allemagne annoncé","non publié","3 × 200 g ou 1 kg","0","0","sans caféine","non applicable","0","non applicable","non applicable","0,2 g / 100 ml préparés","","non publié","non publié","sans sucres ni édulcorants ajoutés","contient lupin; sans gluten annoncé","espresso, filtre, piston, italienne ou capsules rechargeables selon la marque","environ 0,23 € / portion annoncé","élevée","non publiée","alternative locale sans caféine","P1 — alternative France","faible à moyen","non publiée","Nouvelle référence documentée le 8 septembre 2026.","2026-09-08","nouvelle référence documentée","2026-09-08","Une alternative mono-ingrédient au lupin doux, proposée en grains ou moulue.","oui"
"MOJO Labs","Alternative au café","France","poudre instantanée","Alternative aux plantes","3 — Pas vraiment du café, mais quand même","plantes adaptogènes et super-aliments","plantes; détail quantitatif non extrait","30 doses annoncées","0 mg annoncé","49 € / 30 doses","oui, mais produit épuisé lors du contrôle","contact direct via site","https://mojolabs.fr/products/mojo-labs","B","Produit français sans café et sans caféine. La page était marquée épuisée lors de la vérification.","2026-09-08","épuisé — page produit encore accessible","source officielle accessible; stock indisponible","alternative instantanée au café","sans café","30","non publié","0","0","sans caféine","non applicable ou non publié","à confirmer","non publiée","non publiée","non publié","","non publié","non publié","non publié","vegan et bio annoncés","diluer dans de l’eau ou du lait; température selon fabricant","environ 1,63 € / portion","faible","analyse par laboratoire indépendant annoncée; rapport non archivé","alternative sans caféine","P2 — signal France","élevé","non publiée","Nouvelle référence documentée le 8 septembre 2026.","2026-09-08","nouvelle référence documentée, produit épuisé","2026-09-08","Une boisson française sans caféine, mais indisponible lors du contrôle.","non"
"Maison DATUS","DATUS moulu","France","moulu","Alternative torréfiée au café","3 — Pas vraiment du café, mais quand même","noyaux de dattes torréfiés","fibres et minéraux naturellement présents","non publiée","0 mg annoncé","prix à confirmer","oui","contact direct via site","https://maisondatus.com/products/alternative-cafe-moulu-sans-cafeine-datus","B","Alternative mono-ingrédient. L’analyse Eurofins est annoncée mais n’a pas été archivée lors de ce contrôle.","2026-09-08","actif — page produit observée","source officielle accessible; prix non extrait","alternative à préparer comme un café moulu","sans café; origine des dattes non publiée","non publié","non publié","0","0","sans caféine","non applicable","0","non applicable","non applicable","non publié","","non publié","non publié","sans sucres ajoutés annoncé","sans gluten et sans allergènes annoncés","selon la mouture et les instructions du fabricant","non calculable avec les données publiques","partielle","analyse Eurofins annoncée; rapport à archiver","alternative sans caféine","P2 — alternative France","faible à moyen","non publiée","Nouvelle référence documentée le 8 septembre 2026.","2026-09-08","nouvelle référence documentée","2026-09-08","Une alternative française à base de noyaux de dattes torréfiés, naturellement sans caféine.","oui"
"Graine de Breton","Orgé","France","malt d’orge torréfié","Alternative torréfiée au café","3 — Pas vraiment du café, mais quand même","malt d’orge torréfié","composés naturellement présents dans l’orge","non publiée","0 mg annoncé","prix à confirmer","oui","contact direct via site","https://grainedebreton.bzh/categorie-produit/orge/","B","Alternative bretonne à base d’orge. Contient du gluten.","2026-09-08","actif — gamme observée","source officielle accessible; détails quantitatifs partiels","alternative à préparer comme un café","sans café; Bretagne annoncée","non publié","selon produit","0","0","sans caféine","non applicable","0","non applicable","non applicable","non publié","","non publié","non publié","non publié","contient gluten (orge)","filtre, piston ou méthode indiquée selon la référence","non calculable avec les données publiques","partielle","non publiée","alternative locale sans caféine","P2 — alternative France","faible","non publiée","Nouvelle référence documentée le 8 septembre 2026.","2026-09-08","nouvelle référence documentée","2026-09-08","Une alternative bretonne au café fondée sur le malt d’orge torréfié.","non"
"La Tribu des Kawas","Lupin torréfié bio","France","grains ou moulu","Alternative torréfiée au café","3 — Pas vraiment du café, mais quand même","lupin torréfié","composés naturellement présents dans le lupin","non publiée","0 mg annoncé","prix à confirmer","oui","contact direct via site","https://www.latribudeskawas.fr/","B","Alternative au lupin bio. Vérifier l’allergène lupin.","2026-09-08","actif — gamme observée","source officielle accessible; détails quantitatifs partiels","alternative à préparer comme un café","sans café","non publié","non publié","0","0","sans caféine","non applicable","0","non applicable","non applicable","non publié","","non publié","non publié","non publié","contient lupin; sans gluten annoncé","selon la mouture et les instructions du fabricant","non calculable avec les données publiques","partielle","non publiée","alternative locale sans caféine","P2 — alternative France","faible","non publiée","Nouvelle référence documentée le 8 septembre 2026.","2026-09-08","nouvelle référence documentée","2026-09-08","Une autre offre française de lupin torréfié, proposée dans une gamme handi-solidaire.","non"
"Myprotein","Protein Iced Coffee","France / Europe","poudre instantanée 640 g","Café protéiné glacé","2 — Cafés artificiellement enrichis","whey, caséine et café ou matcha selon variante","20 g de protéines; caféine naturelle","32 g; 20 portions","74,2 mg pour la variante Iced Matcha; autres parfums variables","32,99 € prix promotionnel observé; 43,99 € prix de référence / 640 g","oui","programme partenaires Myprotein","https://fr.myprotein.com/p/nutrition-sportive/protein-iced-coffee/17631051/","A","La composition et la caféine varient selon le parfum; les chiffres saisis correspondent à la variante Iced Matcha affichée lors du contrôle.","2026-09-29","actif — produit en stock et vente France observés","source officielle accessible et détaillée","café protéiné glacé","non publiée","20","640 g","74.2","74.2","modérée (51–100 mg)","non applicable","0","non applicable","non applicable","20 g","non publié","non publié","non publié","sucralose; 3,5 g de sucres pour la variante contrôlée","contient lait et soja; végétarien annoncé","32 g dans 250 ml d’eau ou de lait froid; secouer puis servir sur glace","environ 1,65 € promotionnel; 2,20 € prix de référence","élevée pour la variante contrôlée","non publiée","nutrition / apport protéique","P1 — nouveauté France","faible à moyen","non publiée","Nouvelle référence relevée fin septembre 2026.","2026-09-29","nouvelle référence documentée","2026-09-29","Un café glacé en poudre avec 20 g de protéines, 20 portions et une caféine chiffrée selon la saveur.","oui"
"Try Kinoko","Café Protéiné","France / Europe","poudre instantanée multi-saveurs","Café protéiné et MCT","2 — Cafés artificiellement enrichis","café, whey et ingrédients de crémage","whey; prébiotiques; MCT","1 à 2 cuillères; 20 portions; poids non publié","80 mg par cuillère doseuse annoncés","39,95 € l’unité; tarifs dégressifs et abonnement observés","oui","contact direct via site","https://fr.trykinoko.co/products/protein-coffee","A","La page regroupe plusieurs saveurs; la formule exacte peut varier. La quantité de poudre par portion n’est pas clairement publiée.","2026-09-29","actif — variantes et achat France observés","source officielle accessible; formule récemment remaniée annoncée","café protéiné froid ou latte","non publiée","20","non publié","80","80","modérée (51–100 mg)","non applicable","0","non applicable","non applicable","10 g","non publié","non publié","0,5 à 1 g selon saveur","Sukré® et Reb-M; moins de 1 g de sucre annoncé","contient lait et environ 1 g de lactose par portion; MCT issu de coco","1 à 2 cuillères dans 250 à 500 ml d’eau ou de lait froid","environ 2,00 € à l’achat unitaire","partielle","non publiée","nutrition / apport protéique","P1 — nouveauté France","moyen","non publiée","Nouvelle gamme française et formule améliorée annoncée.","2026-09-29","nouvelle référence documentée","2026-09-29","Une gamme protéinée multi-saveurs avec 10 g de protéines, 80 mg de caféine et 0,5 à 1 g de MCT par portion.","oui"
"Sunday Natural","Protéine Coffee Signature Roast","France / Europe","poudre instantanée 1 kg","Café protéiné végétal","2 — Cafés artificiellement enrichis","protéines de fève, pois et tournesol; café Robusta soluble","23 g de protéines végétales; caféine","30 g; environ 33 portions","87 mg","28,90 € / 1 kg","oui","contact direct via site","https://www.sunday.fr/protein-coffee-signature-roast.html","A","Variante non aromatisée distincte de la référence cannelle déjà recensée; liste d’ingrédients courte et données nutritionnelles complètes.","2026-09-29","actif — page produit et ajout au panier observés","source officielle accessible et détaillée","café protéiné froid ou tiède","Robusta; origine non publiée","33","1 kg","87","87","modérée (51–100 mg)","non applicable","0","non applicable","non applicable","23 g","","non publié","non publié","sans sucre ajouté ni édulcorant; moins de 0,5 g de sucres par portion","vegan; sans gluten, lactose, soja ni OGM annoncés","30 g dans 200 à 300 ml d’eau ou boisson végétale froide","0,88 € / portion annoncé","élevée","non publiée","nutrition / apport protéique","P1 — nouveauté France","faible","déclaration de conformité accessible sur la fiche","Nouvelle variante Signature Roast relevée fin septembre 2026.","2026-09-29","nouvelle référence documentée","2026-09-29","Une formule végétale sans arôme ni édulcorant, avec 23 g de protéines et 87 mg de caféine par dose.","oui"
"Corial","Café Collagène + Vitamine C - Cacao","Europe / France","poudre instantanée 150 g","Café au collagène et cacao","2 — Cafés artificiellement enrichis","collagène hydrolysé, café soluble et cacao","collagène hydrolysé; vitamine C; cacao","10 g; environ 15 portions","68 mg","10,88 € / 150 g; environ 0,73 € par portion","oui","programme partenaires Corial à rechercher","https://corialfoods.com/fr-fr/products/collagen-coffee-cacau","A","Variante cacao distincte de l’Original déjà recensé. Quatre ingrédients annoncés, mais l’origine animale du collagène doit être confirmée sur l’étiquette.","2026-09-29","actif — page produit et prix France observés","source officielle accessible et très détaillée","café instantané type mocha","non publiée","15","150 g","68","68","modérée (51–100 mg)","non applicable","0","non applicable","non applicable","7,5 g","7,5 g","non publié","non publié","sans sucres ajoutés ni édulcorants annoncés","non végétalien; origine du collagène et allergènes à confirmer sur l’étiquette","10 g dans 100 ml d’eau ou de lait à 60–70 °C","environ 0,73 € / portion","élevée","non publiée","beauté / collagène","P1 — nouveauté Europe","faible à moyen","non publiée","Nouvelle variante cacao documentée fin septembre 2026.","2026-09-29","nouvelle référence documentée","2026-09-29","Une variante mocha apportant 7,5 g de collagène, 7,5 g de protéines et 68 mg de caféine par dose.","oui"
"Colco","Café au collagène 250 g","France","café moulu enrichi 250 g","Café au collagène","2 — Cafés artificiellement enrichis","150 g de café Arabica moulu et 100 g de collagène hydrolysé","collagène hydrolysé","non publiée","non publiée","34,90 € / 250 g","oui","contact direct via site","https://colco.fr/products/cure-1-mois","B","Le ratio du sachet est publié mais pas la portion, la caféine ni les caractéristiques du collagène. Produit épuisé lors du contrôle.","2026-09-29","épuisé — page produit encore accessible","source officielle accessible; données par portion incomplètes","café moulu à préparer","Brésil annoncé","non publié","250 g","à confirmer","à confirmer","non documenté","non applicable","0","non applicable","non applicable","non publié par portion","non publié par portion","non publié","non publié","sans sucre ni additif annoncés","collagène d’origine non précisée; allergènes à confirmer","préparation en machine annoncée; dose non publiée","non calculable avec les données publiques","partielle","non publiée","beauté / collagène","P2 — signal France","moyen à élevé","non publiée","Nouvelle référence française repérée mais indisponible.","2026-09-29","nouvelle référence documentée","2026-09-29","Un mélange moulu de café Arabica et de collagène, épuisé et encore insuffisamment documenté par portion.","non"
"CollaCup","Café instantané au collagène","France","poudre instantanée","Café au collagène","2 — Cafés artificiellement enrichis","café Arabica instantané et collagène marin","collagène marin type I annoncé","non publiée","non publiée","18 €; format non publié","oui","contact direct via site","https://collacup.com/products/collacup-capsule-de-cafe-au-collagene","C","Le produit est épuisé et la page ne publie ni quantité de collagène, ni caféine, ni poids de conditionnement. Plusieurs promesses restent des déclarations commerciales non étayées sur la fiche.","2026-09-29","épuisé — page produit encore accessible","source officielle accessible; informations quantitatives insuffisantes","café instantané","non publiée","non publié","non publié","à confirmer","à confirmer","non documenté","non applicable","0","non applicable","non applicable","non publié","non publié","non publié","non publié","sans sucre ajouté ni édulcorants annoncés","contient poisson présumé par la mention collagène marin; vérifier l’étiquette","diluer dans de l’eau ou du lait; dose non publiée","non calculable avec les données publiques","faible","non publiée","beauté / collagène","P3 — veille / ne pas recommander encore","élevé","non publiée","Nouvelle référence repérée mais épuisée et peu documentée.","2026-09-29","nouvelle référence documentée","2026-09-29","Un café instantané au collagène marin repéré en France, sans dosage ni caféine publiés et indisponible lors du contrôle.","non"
